﻿Χρόνος Γένεσης (GMT),Γεωγρ.Πλάτος,Γεωγρ.Μήκος,Βάθος (χμ),Μέγεθος (ML),Επίκεντρο,Απόσταση (χμ) από το κέντρο (Γ.Πλ.:35.1583  Γ.Μήκ.:25.2689)
﻿2021/10/01 06:13:11,35.12,25.26,7,1.3,25.9 χμ ΝΝΑ του Ηρακλείου,4.9
﻿2021/10/01 06:12:45,35.13,25.20,9,1.6,22.3 χμ ΝΝΑ του Ηρακλείου,6.4
﻿2021/10/01 03:52:20,35.14,25.19,13,1.6,21.7 χμ ΝΝΑ του Ηρακλείου,7.1
﻿2021/10/01 03:43:21,35.12,25.27,7,1.9,26.2 χμ ΝΝΑ του Ηρακλείου,4.3
﻿2021/10/01 03:38:44,35.11,25.27,8,2.8,27.0 χμ ΝΝΑ του Ηρακλείου,5.3
﻿2021/10/01 03:15:42,35.10,25.26,6,1.8,27.3 χμ ΝΝΑ του Ηρακλείου,6.4
﻿2021/10/01 03:15:15,35.13,25.25,8,2.1,24.5 χμ ΝΝΑ του Ηρακλείου,3.9
﻿2021/10/01 03:13:43,35.13,25.23,11,2.3,23.7 χμ ΝΝΑ του Ηρακλείου,4.9
﻿2021/10/01 02:16:52,35.12,25.20,14,3.0,23.0 χμ ΝΝΑ του Ηρακλείου,7.6
﻿2021/10/01 01:34:07,35.15,25.24,12,2.7,22.3 χμ ΝΝΑ του Ηρακλείου,3.0
﻿2021/10/01 01:04:12,35.13,25.23,9,2.3,23.9 χμ ΝΝΑ του Ηρακλείου,5.2
﻿2021/10/01 00:51:19,35.16,25.23,8,2.3,20.8 χμ ΝΝΑ του Ηρακλείου,3.2
﻿2021/10/01 00:32:05,35.13,25.23,10,2.2,23.6 χμ ΝΝΑ του Ηρακλείου,5.0
﻿2021/10/01 00:16:09,35.16,25.26,8,2.0,21.5 χμ ΝΝΑ του Ηρακλείου,1.0
﻿2021/10/01 00:15:10,35.14,25.24,12,2.2,22.5 χμ ΝΝΑ του Ηρακλείου,3.4
﻿2021/10/01 00:14:33,35.13,25.20,13,1.6,22.4 χμ ΝΝΑ του Ηρακλείου,7.1
﻿2021/10/01 00:04:00,35.13,25.22,7,2.1,22.8 χμ ΝΝΑ του Ηρακλείου,5.1
﻿2021/10/01 00:03:03,35.13,25.22,10,2.5,23.1 χμ ΝΝΑ του Ηρακλείου,5.5
﻿2021/10/01 00:02:38,35.12,25.23,8,2.0,24.1 χμ ΝΝΑ του Ηρακλείου,5.2
﻿2021/09/30 23:06:05,35.13,25.23,11,2.5,24.0 χμ ΝΝΑ του Ηρακλείου,5.0
﻿2021/09/30 23:04:26,35.13,25.26,10,3.0,24.2 χμ ΝΝΑ του Ηρακλείου,2.7
﻿2021/09/30 22:56:42,35.16,25.30,6,1.3,23.9 χμ ΝΑ του Ηρακλείου,2.8
﻿2021/09/30 22:25:46,35.17,25.26,9,1.8,20.5 χμ ΝΑ του Ηρακλείου,1.9
﻿2021/09/30 22:21:59,35.16,25.26,10,2.1,21.9 χμ ΝΝΑ του Ηρακλείου,1.2
﻿2021/09/30 22:14:41,35.14,25.23,10,2.1,22.7 χμ ΝΝΑ του Ηρακλείου,4.3
﻿2021/09/30 22:13:02,35.13,25.21,12,2.2,22.5 χμ ΝΝΑ του Ηρακλείου,5.9
﻿2021/09/30 21:58:41,35.15,25.25,10,2.2,22.2 χμ ΝΝΑ του Ηρακλείου,1.8
﻿2021/09/30 21:20:23,35.17,25.29,6,2.6,22.3 χμ ΝΑ του Ηρακλείου,2.0
﻿2021/09/30 21:19:55,35.15,25.25,13,2.2,21.8 χμ ΝΝΑ του Ηρακλείου,2.2
﻿2021/09/30 21:15:02,35.14,25.19,13,1.4,21.2 χμ ΝΝΑ του Ηρακλείου,7.8
﻿2021/09/30 21:09:12,35.14,25.26,8,2.3,24.2 χμ ΝΝΑ του Ηρακλείου,2.6
﻿2021/09/30 21:07:35,35.18,25.26,6,1.8,20.6 χμ ΝΑ του Ηρακλείου,2.0
﻿2021/09/30 21:07:00,35.16,25.22,8,2.5,20.3 χμ ΝΝΑ του Ηρακλείου,4.7
﻿2021/09/30 21:01:52,35.13,25.24,12,2.0,23.6 χμ ΝΝΑ του Ηρακλείου,4.0
﻿2021/09/30 21:01:02,35.19,25.30,5,1.3,21.1 χμ ΝΑ του Ηρακλείου,4.6
﻿2021/09/30 21:00:05,35.14,25.19,13,1.6,21.0 χμ ΝΝΑ του Ηρακλείου,7.1
﻿2021/09/30 20:25:06,35.13,25.23,12,2.4,23.1 χμ ΝΝΑ του Ηρακλείου,4.7
﻿2021/09/30 20:14:13,35.12,25.27,10,2.7,25.7 χμ ΝΝΑ του Ηρακλείου,4.1
﻿2021/09/30 19:53:01,35.12,25.27,8,2.6,25.9 χμ ΝΝΑ του Ηρακλείου,4.3
﻿2021/09/30 19:52:47,35.14,25.22,13,2.6,21.9 χμ ΝΝΑ του Ηρακλείου,4.4
﻿2021/09/30 19:43:06,35.12,25.27,8,1.6,25.7 χμ ΝΝΑ του Ηρακλείου,3.8
﻿2021/09/30 19:26:22,35.15,25.21,8,2.0,21.1 χμ ΝΝΑ του Ηρακλείου,5.1
﻿2021/09/30 18:25:22,35.12,25.25,6,1.5,25.3 χμ ΝΝΑ του Ηρακλείου,4.8
﻿2021/09/30 17:13:04,35.12,25.28,4,3.4,26.2 χμ ΝΝΑ του Ηρακλείου,4.1
﻿2021/09/30 17:10:35,35.13,25.25,8,2.5,24.1 χμ ΝΝΑ του Ηρακλείου,3.7
﻿2021/09/30 16:26:58,35.13,25.23,12,2.4,23.3 χμ ΝΝΑ του Ηρακλείου,4.5
﻿2021/09/30 14:47:38,35.20,25.32,7,1.7,22.1 χμ ΝΑ του Ηρακλείου,6.0
﻿2021/09/30 14:40:14,35.12,25.26,8,3.6,25.3 χμ ΝΝΑ του Ηρακλείου,3.8
﻿2021/09/30 14:31:32,35.14,25.21,8,2.5,22.0 χμ ΝΝΑ του Ηρακλείου,5.7
﻿2021/09/30 14:26:42,35.13,25.27,9,2.8,25.4 χμ ΝΝΑ του Ηρακλείου,3.4
﻿2021/09/30 14:09:31,35.11,25.26,9,1.7,26.2 χμ ΝΝΑ του Ηρακλείου,5.2
﻿2021/09/30 13:35:56,35.12,25.25,8,2.9,24.8 χμ ΝΝΑ του Ηρακλείου,4.2
﻿2021/09/30 12:55:26,35.13,25.37,15,2.1,30.5 χμ ΝΑ του Ηρακλείου,9.5
﻿2021/09/30 12:43:29,35.11,25.22,10,3.6,24.9 χμ ΝΝΑ του Ηρακλείου,6.9
﻿2021/09/30 12:41:37,35.18,25.39,7,1.6,28.6 χμ ΑΝΑ του Ηρακλείου,11.7
﻿2021/09/30 12:20:47,35.14,25.23,10,2.1,22.9 χμ ΝΝΑ του Ηρακλείου,3.9
﻿2021/09/30 10:54:23,35.12,25.26,6,2.3,25.8 χμ ΝΝΑ του Ηρακλείου,4.3
﻿2021/09/30 10:24:38,35.16,25.28,9,2.4,22.9 χμ ΝΑ του Ηρακλείου,1.0
﻿2021/09/30 09:44:37,35.17,25.29,8,2.7,22.1 χμ ΝΑ του Ηρακλείου,2.7
﻿2021/09/30 09:21:42,35.18,25.30,9,1.8,22.2 χμ ΝΑ του Ηρακλείου,3.7
﻿2021/09/30 09:16:15,35.16,25.23,8,2.2,21.0 χμ ΝΝΑ του Ηρακλείου,3.2
﻿2021/09/30 09:12:26,35.20,25.29,6,2.1,20.5 χμ ΝΑ του Ηρακλείου,4.8
﻿2021/09/30 09:09:12,35.17,25.30,8,2.9,22.5 χμ ΝΑ του Ηρακλείου,3.0
﻿2021/09/30 08:28:19,35.14,25.23,9,3.0,22.7 χμ ΝΝΑ του Ηρακλείου,4.6
﻿2021/09/30 08:11:35,35.13,25.23,8,2.1,23.9 χμ ΝΝΑ του Ηρακλείου,4.7
﻿2021/09/30 08:08:05,35.13,25.23,10,2.3,23.1 χμ ΝΝΑ του Ηρακλείου,4.7
﻿2021/09/30 07:33:07,35.16,25.23,11,1.6,19.8 χμ ΝΝΑ του Ηρακλείου,4.0
﻿2021/09/30 06:21:02,35.15,25.24,9,2.5,22.0 χμ ΝΝΑ του Ηρακλείου,2.9
﻿2021/09/30 05:42:51,35.12,25.20,11,3.6,24.1 χμ ΝΝΑ του Ηρακλείου,7.5
﻿2021/09/30 05:42:33,35.12,25.20,11,3.5,23.5 χμ ΝΝΑ του Ηρακλείου,7.6
﻿2021/09/30 05:36:48,35.14,25.20,14,2.6,22.0 χμ ΝΝΑ του Ηρακλείου,6.7
﻿2021/09/30 05:31:22,35.17,25.23,10,2.1,19.9 χμ ΝΝΑ του Ηρακλείου,3.4
﻿2021/09/30 04:24:49,35.13,25.23,7,2.9,23.7 χμ ΝΝΑ του Ηρακλείου,4.4
﻿2021/09/30 03:54:52,35.14,25.27,6,2.1,24.0 χμ ΝΝΑ του Ηρακλείου,2.0
﻿2021/09/30 03:54:08,35.17,25.23,7,2.3,19.6 χμ ΝΝΑ του Ηρακλείου,3.6
﻿2021/09/30 03:54:00,35.15,25.22,9,1.9,21.4 χμ ΝΝΑ του Ηρακλείου,4.5
﻿2021/09/30 03:37:49,35.17,25.29,8,2.5,22.6 χμ ΝΑ του Ηρακλείου,2.7
﻿2021/09/30 03:01:59,35.14,25.23,9,3.1,22.4 χμ ΝΝΑ του Ηρακλείου,4.4
﻿2021/09/30 02:52:55,35.12,25.23,9,2.3,24.7 χμ ΝΝΑ του Ηρακλείου,5.8
﻿2021/09/30 02:29:25,35.12,25.23,8,2.7,24.0 χμ ΝΝΑ του Ηρακλείου,5.2
﻿2021/09/30 02:16:07,35.13,25.22,9,2.5,23.6 χμ ΝΝΑ του Ηρακλείου,5.7
﻿2021/09/30 02:14:43,35.14,25.24,10,1.9,22.4 χμ ΝΝΑ του Ηρακλείου,3.4
﻿2021/09/30 02:03:14,35.13,25.28,8,2.1,25.3 χμ ΝΝΑ του Ηρακλείου,3.0
﻿2021/09/30 01:56:40,35.13,25.20,16,1.4,22.1 χμ ΝΝΑ του Ηρακλείου,6.7
﻿2021/09/30 01:38:49,35.16,25.25,13,2.6,21.4 χμ ΝΝΑ του Ηρακλείου,1.9
﻿2021/09/30 01:22:12,35.13,25.25,10,1.3,24.4 χμ ΝΝΑ του Ηρακλείου,4.0
﻿2021/09/30 00:59:02,35.15,25.32,6,2.0,26.4 χμ ΝΑ του Ηρακλείου,5.1
﻿2021/09/30 00:41:54,35.12,25.22,8,2.1,23.9 χμ ΝΝΑ του Ηρακλείου,5.7
﻿2021/09/30 00:15:36,35.16,25.23,13,2.6,20.8 χμ ΝΝΑ του Ηρακλείου,3.2
﻿2021/09/29 23:56:49,35.12,25.22,10,2.0,24.7 χμ ΝΝΑ του Ηρακλείου,6.5
﻿2021/09/29 23:54:50,35.13,25.23,12,2.3,23.2 χμ ΝΝΑ του Ηρακλείου,4.8
﻿2021/09/29 23:32:36,35.14,25.19,11,2.7,21.2 χμ ΝΝΑ του Ηρακλείου,7.1
﻿2021/09/29 23:19:37,35.14,25.20,13,2.7,21.7 χμ ΝΝΑ του Ηρακλείου,7.0
﻿2021/09/29 22:55:16,35.19,25.31,6,1.7,22.0 χμ ΝΑ του Ηρακλείου,4.8
﻿2021/09/29 22:01:12,35.13,25.23,11,2.7,23.6 χμ ΝΝΑ του Ηρακλείου,5.1
﻿2021/09/29 21:49:47,35.14,25.23,15,3.0,22.9 χμ ΝΝΑ του Ηρακλείου,3.9
﻿2021/09/29 21:22:37,35.17,25.30,13,3.2,22.7 χμ ΝΑ του Ηρακλείου,3.2
﻿2021/09/29 21:05:28,35.16,25.27,9,2.5,22.2 χμ ΝΑ του Ηρακλείου,0.7
﻿2021/09/29 21:01:19,35.12,25.27,9,3.0,26.1 χμ ΝΝΑ του Ηρακλείου,4.5
﻿2021/09/29 20:56:25,35.16,25.25,10,2.5,21.3 χμ ΝΝΑ του Ηρακλείου,2.2
﻿2021/09/29 20:38:43,35.14,25.23,7,2.8,22.9 χμ ΝΝΑ του Ηρακλείου,4.3
﻿2021/09/29 20:38:12,35.13,25.23,13,3.1,23.2 χμ ΝΝΑ του Ηρακλείου,4.6
﻿2021/09/29 20:36:26,35.14,25.22,9,2.0,22.3 χμ ΝΝΑ του Ηρακλείου,4.9
﻿2021/09/29 20:19:33,35.12,25.23,11,2.4,24.2 χμ ΝΝΑ του Ηρακλείου,5.4
﻿2021/09/29 19:52:22,35.14,25.23,7,2.7,22.4 χμ ΝΝΑ του Ηρακλείου,4.5
﻿2021/09/29 19:26:24,35.14,25.26,9,2.6,24.0 χμ ΝΝΑ του Ηρακλείου,2.4
﻿2021/09/29 18:13:06,35.15,25.26,9,2.2,22.9 χμ ΝΝΑ του Ηρακλείου,1.4
﻿2021/09/29 17:17:14,35.19,25.30,9,2.5,21.6 χμ ΝΑ του Ηρακλείου,5.1
﻿2021/09/29 17:00:50,35.12,25.26,9,3.1,25.6 χμ ΝΝΑ του Ηρακλείου,4.1
﻿2021/09/29 16:57:22,35.19,25.30,6,2.3,21.5 χμ ΝΑ του Ηρακλείου,4.3
﻿2021/09/29 16:53:05,35.17,25.29,11,1.7,22.3 χμ ΝΑ του Ηρακλείου,2.6
﻿2021/09/29 16:44:16,35.12,25.27,12,2.6,26.6 χμ ΝΝΑ του Ηρακλείου,4.7
﻿2021/09/29 16:04:51,35.20,25.29,9,2.8,20.3 χμ ΝΑ του Ηρακλείου,5.0
﻿2021/09/29 15:47:54,35.12,25.20,13,2.2,23.6 χμ ΝΝΑ του Ηρακλείου,7.4
﻿2021/09/29 15:42:47,35.16,25.27,7,1.4,22.3 χμ ΝΑ του Ηρακλείου,0.4
﻿2021/09/29 15:17:22,35.13,25.21,10,2.6,23.3 χμ ΝΝΑ του Ηρακλείου,6.2
﻿2021/09/29 15:10:22,35.14,25.23,11,2.6,22.3 χμ ΝΝΑ του Ηρακλείου,3.8
﻿2021/09/29 14:35:10,35.13,25.25,11,1.7,24.7 χμ ΝΝΑ του Ηρακλείου,3.6
﻿2021/09/29 14:33:28,35.14,25.22,18,2.1,22.5 χμ ΝΝΑ του Ηρακλείου,5.2
﻿2021/09/29 13:28:10,35.10,25.28,10,2.5,28.9 χμ ΝΝΑ του Ηρακλείου,7.0
﻿2021/09/29 12:55:32,35.13,25.21,13,3.0,23.0 χμ ΝΝΑ του Ηρακλείου,6.5
﻿2021/09/29 12:42:41,35.12,25.19,12,3.4,23.3 χμ ΝΝΑ του Ηρακλείου,7.9
﻿2021/09/29 12:40:02,35.13,25.28,7,3.4,25.1 χμ ΝΝΑ του Ηρακλείου,2.9
﻿2021/09/29 12:36:26,35.13,25.20,12,2.2,22.3 χμ ΝΝΑ του Ηρακλείου,7.0
﻿2021/09/29 12:14:27,35.17,25.26,18,1.8,21.3 χμ ΝΝΑ του Ηρακλείου,1.2
﻿2021/09/29 12:09:48,35.15,25.19,14,2.3,20.2 χμ ΝΝΑ του Ηρακλείου,7.1
﻿2021/09/29 11:54:49,35.14,25.21,16,4.6,21.3 χμ ΝΝΑ του Ηρακλείου,6.0
﻿2021/09/29 11:54:25,35.15,25.20,16,2.4,20.8 χμ ΝΝΑ του Ηρακλείου,6.2
﻿2021/09/29 11:36:33,35.16,25.25,13,2.8,21.5 χμ ΝΝΑ του Ηρακλείου,1.8
﻿2021/09/29 11:23:50,35.13,25.23,12,2.3,23.2 χμ ΝΝΑ του Ηρακλείου,4.7
﻿2021/09/29 10:42:33,35.13,25.22,8,2.0,22.9 χμ ΝΝΑ του Ηρακλείου,5.2
﻿2021/09/29 10:41:59,35.19,25.30,6,1.7,21.8 χμ ΝΑ του Ηρακλείου,4.1
﻿2021/09/29 10:37:50,35.14,25.22,10,2.1,22.4 χμ ΝΝΑ του Ηρακλείου,5.0
﻿2021/09/29 09:40:56,35.15,25.28,14,2.8,23.7 χμ ΝΑ του Ηρακλείου,1.5
﻿2021/09/29 08:47:15,35.18,25.32,10,1.6,23.5 χμ ΝΑ του Ηρακλείου,5.6
﻿2021/09/29 08:41:20,35.15,25.24,6,3.4,22.0 χμ ΝΝΑ του Ηρακλείου,2.7
﻿2021/09/29 08:40:56,35.15,25.24,9,2.3,22.3 χμ ΝΝΑ του Ηρακλείου,2.7
﻿2021/09/29 08:34:32,35.18,25.29,6,3.1,21.8 χμ ΝΑ του Ηρακλείου,3.4
﻿2021/09/29 06:04:04,35.13,25.22,9,3.0,23.7 χμ ΝΝΑ του Ηρακλείου,5.6
﻿2021/09/29 05:51:51,35.16,25.21,18,3.5,20.2 χμ ΝΝΑ του Ηρακλείου,5.3
﻿2021/09/29 04:19:29,35.14,25.22,12,2.8,22.0 χμ ΝΝΑ του Ηρακλείου,4.6
﻿2021/09/29 04:06:33,35.19,25.28,19,3.2,20.6 χμ ΝΑ του Ηρακλείου,3.5
﻿2021/09/29 03:51:03,35.16,25.24,8,2.4,21.1 χμ ΝΝΑ του Ηρακλείου,2.8
﻿2021/09/29 03:07:48,35.11,25.24,8,2.5,25.5 χμ ΝΝΑ του Ηρακλείου,5.4
﻿2021/09/29 02:19:10,35.13,25.23,11,2.6,23.3 χμ ΝΝΑ του Ηρακλείου,4.8
﻿2021/09/29 02:17:15,35.18,25.26,7,2.2,20.1 χμ ΝΑ του Ηρακλείου,2.5
﻿2021/09/29 02:02:23,35.18,25.31,9,2.2,22.7 χμ ΝΑ του Ηρακλείου,4.2
﻿2021/09/29 01:29:26,35.15,25.24,11,3.0,21.5 χμ ΝΝΑ του Ηρακλείου,2.3
﻿2021/09/29 01:19:03,35.19,25.31,11,2.3,22.2 χμ ΝΑ του Ηρακλείου,4.5
﻿2021/09/29 01:18:17,35.20,25.33,8,1.7,22.6 χμ ΝΑ του Ηρακλείου,7.0
﻿2021/09/29 00:29:40,35.13,25.25,8,1.4,23.8 χμ ΝΝΑ του Ηρακλείου,3.3
﻿2021/09/29 00:17:02,35.14,25.22,11,3.2,22.1 χμ ΝΝΑ του Ηρακλείου,4.6
﻿2021/09/29 00:14:17,35.18,25.24,11,2.4,19.4 χμ ΝΝΑ του Ηρακλείου,3.1
﻿2021/09/29 00:10:28,35.20,25.31,9,2.7,21.4 χμ ΝΑ του Ηρακλείου,6.1
﻿2021/09/28 23:36:02,35.19,25.31,15,2.6,22.1 χμ ΝΑ του Ηρακλείου,5.1
﻿2021/09/28 23:24:07,35.17,25.30,12,2.0,22.8 χμ ΝΑ του Ηρακλείου,3.4
﻿2021/09/28 23:16:52,35.13,25.22,11,2.7,23.1 χμ ΝΝΑ του Ηρακλείου,5.5
﻿2021/09/28 23:05:47,35.14,25.23,12,2.6,22.6 χμ ΝΝΑ του Ηρακλείου,4.1
﻿2021/09/28 22:57:16,35.14,25.20,14,3.4,21.9 χμ ΝΝΑ του Ηρακλείου,7.1
﻿2021/09/28 22:56:53,35.15,25.32,11,2.3,26.4 χμ ΝΑ του Ηρακλείου,5.1
﻿2021/09/28 22:45:57,35.16,25.30,10,2.5,23.8 χμ ΝΑ του Ηρακλείου,3.0
﻿2021/09/28 22:44:45,35.16,25.25,10,2.5,20.9 χμ ΝΝΑ του Ηρακλείου,1.8
﻿2021/09/28 22:42:20,35.17,25.29,14,2.3,23.1 χμ ΝΑ του Ηρακλείου,2.5
﻿2021/09/28 22:32:20,35.19,25.30,12,3.0,21.9 χμ ΝΑ του Ηρακλείου,4.6
﻿2021/09/28 22:30:49,35.13,25.25,12,2.3,24.0 χμ ΝΝΑ του Ηρακλείου,2.9
﻿2021/09/28 21:59:59,35.15,25.29,8,1.9,23.7 χμ ΝΑ του Ηρακλείου,1.7
﻿2021/09/28 21:26:13,35.15,25.27,10,2.1,23.1 χμ ΝΝΑ του Ηρακλείου,0.9
﻿2021/09/28 21:25:16,35.14,25.23,9,2.3,22.1 χμ ΝΝΑ του Ηρακλείου,3.9
﻿2021/09/28 21:15:43,35.12,25.23,9,2.6,24.7 χμ ΝΝΑ του Ηρακλείου,5.7
﻿2021/09/28 21:10:02,35.18,25.27,8,1.4,21.0 χμ ΝΑ του Ηρακλείου,2.1
﻿2021/09/28 20:55:27,35.18,25.28,11,2.2,21.3 χμ ΝΑ του Ηρακλείου,2.7
﻿2021/09/28 20:48:42,35.13,25.21,9,1.9,23.4 χμ ΝΝΑ του Ηρακλείου,6.4
﻿2021/09/28 20:39:00,35.15,25.30,6,2.1,24.4 χμ ΝΑ του Ηρακλείου,2.7
﻿2021/09/28 20:22:45,35.16,25.24,12,2.4,21.2 χμ ΝΝΑ του Ηρακλείου,2.7
﻿2021/09/28 20:19:01,35.13,25.26,11,2.3,24.5 χμ ΝΝΑ του Ηρακλείου,3.3
﻿2021/09/28 20:10:40,35.12,25.25,8,1.8,25.5 χμ ΝΝΑ του Ηρακλείου,5.1
﻿2021/09/28 19:47:03,35.15,25.23,11,2.6,21.5 χμ ΝΝΑ του Ηρακλείου,3.3
﻿2021/09/28 18:56:02,35.21,25.30,9,3.0,20.1 χμ ΝΑ του Ηρακλείου,6.6
﻿2021/09/28 18:21:21,35.15,25.22,7,2.7,21.1 χμ ΝΝΑ του Ηρακλείου,4.9
﻿2021/09/28 18:02:50,35.20,25.30,8,2.5,20.4 χμ ΝΑ του Ηρακλείου,5.8
﻿2021/09/28 18:00:29,35.17,25.27,10,1.4,21.8 χμ ΝΑ του Ηρακλείου,1.0
﻿2021/09/28 17:52:57,35.15,25.23,16,2.6,21.6 χμ ΝΝΑ του Ηρακλείου,3.4
﻿2021/09/28 17:22:58,35.14,25.23,12,2.5,22.3 χμ ΝΝΑ του Ηρακλείου,3.7
﻿2021/09/28 16:55:40,35.13,25.23,13,2.7,23.2 χμ ΝΝΑ του Ηρακλείου,4.3
﻿2021/09/28 16:50:23,35.14,25.23,13,1.8,22.0 χμ ΝΝΑ του Ηρακλείου,4.3
﻿2021/09/28 16:38:29,35.19,25.27,10,1.8,19.9 χμ ΝΑ του Ηρακλείου,3.5
﻿2021/09/28 16:36:48,35.15,25.27,10,2.6,23.4 χμ ΝΝΑ του Ηρακλείου,1.1
﻿2021/09/28 16:12:32,35.13,25.24,11,2.7,24.1 χμ ΝΝΑ του Ηρακλείου,4.3
﻿2021/09/28 15:34:30,35.13,25.22,8,2.2,23.8 χμ ΝΝΑ του Ηρακλείου,5.6
﻿2021/09/28 15:13:15,35.15,25.27,14,4.6,23.4 χμ ΝΝΑ του Ηρακλείου,1.3
﻿2021/09/28 14:00:09,35.21,25.30,11,2.9,20.1 χμ ΝΑ του Ηρακλείου,6.0
﻿2021/09/28 13:53:25,35.17,25.29,13,2.5,22.7 χμ ΝΑ του Ηρακλείου,2.3
﻿2021/09/28 13:26:50,35.13,25.21,9,3.1,23.0 χμ ΝΝΑ του Ηρακλείου,6.2
﻿2021/09/28 13:02:21,35.13,25.26,12,3.2,25.0 χμ ΝΝΑ του Ηρακλείου,3.4
﻿2021/09/28 12:29:44,35.19,25.31,15,3.3,21.7 χμ ΝΑ του Ηρακλείου,5.0
﻿2021/09/28 12:25:17,35.13,25.23,13,2.9,23.7 χμ ΝΝΑ του Ηρακλείου,4.9
﻿2021/09/28 12:09:50,35.14,25.24,10,3.9,22.7 χμ ΝΝΑ του Ηρακλείου,2.8
﻿2021/09/28 12:08:09,35.19,25.30,10,2.5,21.7 χμ ΝΑ του Ηρακλείου,3.9
﻿2021/09/28 12:05:13,35.16,25.26,14,2.6,22.0 χμ ΝΝΑ του Ηρακλείου,1.0
﻿2021/09/28 11:39:12,35.14,25.22,14,2.9,22.4 χμ ΝΝΑ του Ηρακλείου,4.8
﻿2021/09/28 11:38:25,35.15,25.24,12,2.2,22.2 χμ ΝΝΑ του Ηρακλείου,3.1
﻿2021/09/28 11:02:42,35.11,25.27,12,2.3,26.7 χμ ΝΝΑ του Ηρακλείου,5.1
﻿2021/09/28 10:35:39,35.14,25.23,13,2.5,22.0 χμ ΝΝΑ του Ηρακλείου,4.3
﻿2021/09/28 10:31:09,35.14,25.25,7,1.9,23.1 χμ ΝΝΑ του Ηρακλείου,2.9
﻿2021/09/28 10:29:45,35.18,25.30,8,2.3,22.2 χμ ΝΑ του Ηρακλείου,3.8
﻿2021/09/28 08:41:53,35.07,25.30,10,1.7,32.1 χμ ΝΝΑ του Ηρακλείου,10.0
﻿2021/09/28 08:39:16,35.12,25.22,7,3.4,24.6 χμ ΝΝΑ του Ηρακλείου,6.3
﻿2021/09/28 08:36:33,35.18,25.30,8,2.0,22.2 χμ ΝΑ του Ηρακλείου,4.0
﻿2021/09/28 08:34:15,35.16,25.23,15,3.6,20.8 χμ ΝΝΑ του Ηρακλείου,3.2
﻿2021/09/28 08:29:05,35.14,25.23,11,3.5,22.5 χμ ΝΝΑ του Ηρακλείου,4.4
﻿2021/09/28 08:28:15,35.15,25.25,8,2.2,22.6 χμ ΝΝΑ του Ηρακλείου,1.8
﻿2021/09/28 08:26:52,35.14,25.23,13,2.9,22.9 χμ ΝΝΑ του Ηρακλείου,4.3
﻿2021/09/28 08:20:22,35.18,25.23,17,3.8,18.6 χμ ΝΝΑ του Ηρακλείου,4.1
﻿2021/09/28 08:18:25,35.14,25.23,14,3.3,22.4 χμ ΝΝΑ του Ηρακλείου,4.4
﻿2021/09/28 08:17:09,35.14,25.32,11,3.6,26.4 χμ ΝΑ του Ηρακλείου,4.9
﻿2021/09/28 07:42:29,35.16,25.24,12,3.0,21.3 χμ ΝΝΑ του Ηρακλείου,2.6
﻿2021/09/28 07:40:49,35.13,25.26,12,2.2,25.1 χμ ΝΝΑ του Ηρακλείου,3.6
﻿2021/09/28 07:39:36,35.13,25.22,9,3.4,23.0 χμ ΝΝΑ του Ηρακλείου,5.1
﻿2021/09/28 07:28:03,35.17,25.32,14,3.9,24.0 χμ ΝΑ του Ηρακλείου,4.7
﻿2021/09/28 07:22:52,35.22,25.31,20,3.3,19.6 χμ ΝΑ του Ηρακλείου,8.2
﻿2021/09/28 07:22:34,35.13,25.22,9,2.8,23.7 χμ ΝΝΑ του Ηρακλείου,5.5
﻿2021/09/28 06:52:11,35.15,25.23,15,3.4,21.0 χμ ΝΝΑ του Ηρακλείου,3.8
﻿2021/09/28 06:50:32,35.13,25.28,18,2.9,25.2 χμ ΝΝΑ του Ηρακλείου,3.0
﻿2021/09/28 06:44:12,35.17,25.22,16,2.9,19.5 χμ ΝΝΑ του Ηρακλείου,4.5
﻿2021/09/28 06:40:21,35.18,25.29,15,2.4,21.5 χμ ΝΑ του Ηρακλείου,2.9
﻿2021/09/28 06:25:47,35.16,25.23,12,3.3,20.5 χμ ΝΝΑ του Ηρακλείου,3.7
﻿2021/09/28 05:27:08,35.15,25.23,14,2.6,21.1 χμ ΝΝΑ του Ηρακλείου,3.2
﻿2021/09/28 05:22:00,35.15,25.24,12,2.9,21.4 χμ ΝΝΑ του Ηρακλείου,2.9
﻿2021/09/28 05:15:28,35.14,25.24,8,2.3,23.2 χμ ΝΝΑ του Ηρακλείου,3.5
﻿2021/09/28 05:14:49,35.17,25.27,16,3.2,21.5 χμ ΝΑ του Ηρακλείου,0.9
﻿2021/09/28 05:12:33,35.15,25.25,14,2.5,22.5 χμ ΝΝΑ του Ηρακλείου,2.4
﻿2021/09/28 05:11:10,35.14,25.26,14,3.2,23.3 χμ ΝΝΑ του Ηρακλείου,1.9
﻿2021/09/28 04:59:35,35.19,25.24,16,2.9,17.8 χμ ΝΝΑ του Ηρακλείου,4.7
﻿2021/09/28 04:48:08,35.15,25.22,11,5.3,21.6 χμ ΝΝΑ του Ηρακλείου,4.4
﻿2021/09/28 04:23:17,35.18,25.26,15,2.6,19.9 χμ ΝΑ του Ηρακλείου,2.5
﻿2021/09/28 03:03:39,35.13,25.22,15,3.0,23.0 χμ ΝΝΑ του Ηρακλείου,5.4
﻿2021/09/28 00:54:27,35.13,25.28,14,3.0,25.3 χμ ΝΝΑ του Ηρακλείου,3.0
﻿2021/09/28 00:49:32,35.18,25.30,6,2.5,22.1 χμ ΝΑ του Ηρακλείου,4.1
﻿2021/09/28 00:18:18,35.14,25.24,16,2.1,22.5 χμ ΝΝΑ του Ηρακλείου,3.0
﻿2021/09/28 00:16:29,35.17,25.27,16,2.1,21.2 χμ ΝΑ του Ηρακλείου,1.4
﻿2021/09/27 23:52:48,35.14,25.24,14,1.6,23.3 χμ ΝΝΑ του Ηρακλείου,3.5
﻿2021/09/27 23:51:24,35.13,25.26,12,1.8,24.6 χμ ΝΝΑ του Ηρακλείου,3.3
﻿2021/09/27 23:45:12,35.18,25.25,15,2.2,19.7 χμ ΝΝΑ του Ηρακλείου,2.7
﻿2021/09/27 23:44:08,35.14,25.24,14,2.5,23.2 χμ ΝΝΑ του Ηρακλείου,3.5
﻿2021/09/27 23:31:40,35.14,25.28,14,2.2,24.4 χμ ΝΑ του Ηρακλείου,2.0
﻿2021/09/27 23:31:08,35.13,25.26,14,2.3,25.1 χμ ΝΝΑ του Ηρακλείου,3.7
﻿2021/09/27 23:29:49,35.14,25.23,16,3.5,22.3 χμ ΝΝΑ του Ηρακλείου,3.6
﻿2021/09/27 23:26:27,35.14,25.23,12,3.2,22.7 χμ ΝΝΑ του Ηρακλείου,4.4
﻿2021/09/27 23:13:41,35.11,25.27,14,3.5,27.0 χμ ΝΝΑ του Ηρακλείου,5.5
﻿2021/09/27 22:06:43,35.14,25.24,13,2.7,23.1 χμ ΝΝΑ του Ηρακλείου,3.7
﻿2021/09/27 21:37:10,35.16,25.31,14,4.4,24.3 χμ ΝΑ του Ηρακλείου,3.8
﻿2021/09/27 21:29:20,35.14,25.25,16,3.4,22.9 χμ ΝΝΑ του Ηρακλείου,2.3
﻿2021/09/27 20:56:41,35.17,25.28,14,3.3,22.1 χμ ΝΑ του Ηρακλείου,1.6
﻿2021/09/27 20:37:23,35.14,25.24,16,2.9,23.1 χμ ΝΝΑ του Ηρακλείου,3.1
﻿2021/09/27 20:10:00,35.13,25.25,14,4.4,24.4 χμ ΝΝΑ του Ηρακλείου,3.9
﻿2021/09/27 19:47:41,35.20,25.26,17,2.6,18.1 χμ ΝΑ του Ηρακλείου,5.1
﻿2021/09/27 19:30:57,35.16,25.29,7,1.6,23.6 χμ ΝΑ του Ηρακλείου,2.0
﻿2021/09/27 19:29:44,35.14,25.22,11,1.6,22.6 χμ ΝΝΑ του Ηρακλείου,4.7
﻿2021/09/27 19:28:25,35.16,25.28,16,2.0,22.9 χμ ΝΑ του Ηρακλείου,0.7
﻿2021/09/27 19:27:46,35.18,25.30,6,1.4,22.4 χμ ΝΑ του Ηρακλείου,4.0
﻿2021/09/27 19:26:40,35.14,25.24,17,2.1,22.8 χμ ΝΝΑ του Ηρακλείου,3.7
﻿2021/09/27 19:08:20,35.13,25.24,13,1.9,23.6 χμ ΝΝΑ του Ηρακλείου,4.2
﻿2021/09/27 18:37:43,35.12,25.25,10,2.3,24.8 χμ ΝΝΑ του Ηρακλείου,4.2
﻿2021/09/27 18:15:44,35.13,25.24,12,3.9,24.1 χμ ΝΝΑ του Ηρακλείου,4.6
﻿2021/09/27 18:12:14,35.18,25.29,14,3.0,21.7 χμ ΝΑ του Ηρακλείου,3.0
﻿2021/09/27 18:05:04,35.11,25.26,11,2.4,27.1 χμ ΝΝΑ του Ηρακλείου,5.9
﻿2021/09/27 16:55:06,35.14,25.24,15,2.8,23.0 χμ ΝΝΑ του Ηρακλείου,3.8
﻿2021/09/27 16:27:09,35.17,25.26,18,2.1,21.1 χμ ΝΝΑ του Ηρακλείου,1.3
﻿2021/09/27 16:15:30,35.15,25.26,11,3.6,22.7 χμ ΝΝΑ του Ηρακλείου,1.5
﻿2021/09/27 15:53:53,35.17,25.30,13,2.7,22.9 χμ ΝΑ του Ηρακλείου,3.2
﻿2021/09/27 15:26:54,35.13,25.25,14,3.0,24.2 χμ ΝΝΑ του Ηρακλείου,3.4
﻿2021/09/27 15:08:24,35.13,25.22,14,2.5,23.7 χμ ΝΝΑ του Ηρακλείου,5.5
﻿2021/09/27 14:59:58,35.13,25.26,13,2.6,24.3 χμ ΝΝΑ του Ηρακλείου,2.8
﻿2021/09/27 14:50:16,35.13,25.24,12,3.1,24.3 χμ ΝΝΑ του Ηρακλείου,4.4
﻿2021/09/27 14:49:26,35.14,25.28,15,3.7,24.6 χμ ΝΝΑ του Ηρακλείου,2.3
﻿2021/09/27 14:47:21,35.17,25.26,15,1.9,20.7 χμ ΝΑ του Ηρακλείου,1.7
﻿2021/09/27 14:35:13,35.13,25.24,14,3.6,23.9 χμ ΝΝΑ του Ηρακλείου,3.9
﻿2021/09/27 14:22:46,35.14,25.24,15,3.6,23.1 χμ ΝΝΑ του Ηρακλείου,3.1
﻿2021/09/27 14:12:54,35.16,25.26,13,2.9,21.2 χμ ΝΝΑ του Ηρακλείου,1.4
﻿2021/09/27 14:01:20,35.17,25.29,14,3.3,22.6 χμ ΝΑ του Ηρακλείου,1.8
﻿2021/09/27 13:22:26,35.13,25.22,14,2.9,23.4 χμ ΝΝΑ του Ηρακλείου,5.3
﻿2021/09/27 13:08:09,35.13,25.27,11,2.7,25.2 χμ ΝΝΑ του Ηρακλείου,3.2
﻿2021/09/27 13:06:53,35.13,25.22,14,2.0,23.3 χμ ΝΝΑ του Ηρακλείου,5.4
﻿2021/09/27 12:31:46,35.18,25.30,14,3.7,21.9 χμ ΝΑ του Ηρακλείου,3.7
﻿2021/09/27 12:20:11,35.13,25.24,12,2.5,23.8 χμ ΝΝΑ του Ηρακλείου,3.8
﻿2021/09/27 12:18:53,35.18,25.30,14,2.9,22.1 χμ ΝΑ του Ηρακλείου,4.2
﻿2021/09/27 12:02:25,35.17,25.28,14,3.5,21.8 χμ ΝΑ του Ηρακλείου,1.8
﻿2021/09/27 11:50:00,35.14,25.24,10,3.1,23.1 χμ ΝΝΑ του Ηρακλείου,3.7
﻿2021/09/27 11:27:33,35.14,25.25,16,2.9,23.4 χμ ΝΝΑ του Ηρακλείου,3.1
﻿2021/09/27 11:02:25,35.18,25.25,13,4.8,19.6 χμ ΝΑ του Ηρακλείου,2.8
﻿2021/09/27 11:01:41,35.15,25.25,9,2.6,22.6 χμ ΝΝΑ του Ηρακλείου,1.7
﻿2021/09/27 10:48:31,35.12,25.24,11,2.7,25.2 χμ ΝΝΑ του Ηρακλείου,5.6
﻿2021/09/27 10:34:20,35.13,25.28,15,4.0,26.0 χμ ΝΝΑ του Ηρακλείου,3.7
﻿2021/09/27 10:23:11,35.12,25.28,13,4.1,26.8 χμ ΝΝΑ του Ηρακλείου,4.6
﻿2021/09/27 10:21:34,35.13,25.25,13,2.3,24.1 χμ ΝΝΑ του Ηρακλείου,3.3
﻿2021/09/27 10:18:40,35.12,25.29,11,2.8,26.8 χμ ΝΝΑ του Ηρακλείου,4.5
﻿2021/09/27 09:12:34,35.13,25.18,10,3.1,22.0 χμ ΝΝΑ του Ηρακλείου,8.3
﻿2021/09/27 08:58:19,35.17,25.29,11,3.1,22.8 χμ ΝΑ του Ηρακλείου,2.0
﻿2021/09/27 08:56:36,35.11,25.24,10,3.1,26.1 χμ ΝΝΑ του Ηρακλείου,6.3
﻿2021/09/27 08:34:28,35.14,25.17,13,3.2,21.2 χμ Ν του Ηρακλείου,9.2
﻿2021/09/27 08:29:35,35.14,25.25,11,3.1,23.4 χμ ΝΝΑ του Ηρακλείου,3.1
﻿2021/09/27 08:21:57,35.14,25.31,13,4.5,25.8 χμ ΝΑ του Ηρακλείου,3.8
﻿2021/09/27 08:16:21,35.16,25.26,16,2.9,21.9 χμ ΝΝΑ του Ηρακλείου,0.5
﻿2021/09/27 07:56:03,35.11,25.24,12,3.3,25.4 χμ ΝΝΑ του Ηρακλείου,5.8
﻿2021/09/27 07:47:24,35.11,25.18,14,4.1,24.2 χμ Ν του Ηρακλείου,9.4
﻿2021/09/27 07:46:30,35.16,25.19,18,4.3,19.0 χμ ΝΝΑ του Ηρακλείου,7.0
﻿2021/09/27 07:44:40,35.14,25.20,16,3.9,21.9 χμ ΝΝΑ του Ηρακλείου,6.3
﻿2021/09/27 07:42:22,35.17,25.23,17,2.8,19.8 χμ ΝΝΑ του Ηρακλείου,3.4
﻿2021/09/27 07:30:45,35.13,25.25,14,4.6,23.8 χμ ΝΝΑ του Ηρακλείου,3.5
﻿2021/09/27 07:22:22,35.12,25.29,15,3.4,26.4 χμ ΝΝΑ του Ηρακλείου,4.1
﻿2021/09/27 07:12:05,35.16,25.32,16,3.4,25.8 χμ ΝΑ του Ηρακλείου,5.1
﻿2021/09/27 07:11:06,35.12,25.27,12,3.5,25.9 χμ ΝΝΑ του Ηρακλείου,3.9
﻿2021/09/27 07:09:18,35.14,25.28,8,3.3,24.9 χμ ΝΝΑ του Ηρακλείου,2.6
﻿2021/09/27 07:08:19,35.14,25.25,15,3.2,23.2 χμ ΝΝΑ του Ηρακλείου,2.3
﻿2021/09/27 07:07:19,35.14,25.32,10,3.1,26.7 χμ ΝΑ του Ηρακλείου,5.0
﻿2021/09/27 06:37:42,35.13,25.28,14,4.4,25.4 χμ ΝΝΑ του Ηρακλείου,3.0
﻿2021/09/27 06:27:48,35.16,25.33,11,3.7,25.8 χμ ΝΑ του Ηρακλείου,5.6
﻿2021/09/27 06:17:21,35.14,25.27,10,5.8,23.8 χμ ΝΝΑ του Ηρακλείου,1.7
﻿2021/09/25 13:11:13,35.14,25.26,9,2.1,23.4 χμ ΝΝΑ του Ηρακλείου,2.0
﻿2021/09/24 18:14:51,35.14,25.25,7,2.3,23.4 χμ ΝΝΑ του Ηρακλείου,2.7
﻿2021/09/24 02:30:33,35.16,25.28,9,1.7,22.5 χμ ΝΑ του Ηρακλείου,0.8
﻿2021/09/24 01:24:14,35.14,25.27,13,3.7,23.6 χμ ΝΝΑ του Ηρακλείου,1.6
﻿2021/09/22 15:36:44,35.17,25.25,12,2.1,20.0 χμ ΝΝΑ του Ηρακλείου,2.4
﻿2021/09/21 18:29:55,35.17,25.25,14,3.0,20.4 χμ ΝΝΑ του Ηρακλείου,2.1
﻿2021/09/21 18:21:55,35.21,25.26,17,1.6,17.6 χμ ΝΑ του Ηρακλείου,5.6
﻿2021/09/21 10:01:29,35.14,25.23,17,1.9,21.9 χμ ΝΝΑ του Ηρακλείου,4.0
﻿2021/09/19 01:30:11,35.15,25.33,19,1.4,26.9 χμ ΝΑ του Ηρακλείου,5.7
﻿2021/09/18 19:19:54,35.13,25.21,16,1.1,23.4 χμ ΝΝΑ του Ηρακλείου,6.4
﻿2021/09/18 11:54:37,35.14,25.23,13,2.8,22.7 χμ ΝΝΑ του Ηρακλείου,3.9
﻿2021/09/17 20:47:09,35.16,25.23,18,2.3,20.6 χμ ΝΝΑ του Ηρακλείου,3.2
﻿2021/09/16 03:52:23,35.18,25.24,14,1.5,18.8 χμ ΝΝΑ του Ηρακλείου,3.8
﻿2021/09/15 20:08:41,35.15,25.25,7,1.6,22.5 χμ ΝΝΑ του Ηρακλείου,2.2
﻿2021/09/15 13:40:32,35.16,25.25,13,2.5,21.5 χμ ΝΝΑ του Ηρακλείου,1.4
﻿2021/09/15 12:57:05,35.16,25.25,13,2.6,21.1 χμ ΝΝΑ του Ηρακλείου,1.7
﻿2021/09/15 11:00:10,35.17,25.23,7,3.3,19.3 χμ ΝΝΑ του Ηρακλείου,3.8
﻿2021/09/15 03:19:44,35.16,25.24,10,1.8,20.7 χμ ΝΝΑ του Ηρακλείου,2.8
﻿2021/09/14 20:51:41,35.15,25.24,15,2.6,21.6 χμ ΝΝΑ του Ηρακλείου,3.2
﻿2021/09/14 20:37:10,35.17,25.25,15,2.5,20.5 χμ ΝΝΑ του Ηρακλείου,2.1
﻿2021/09/14 17:19:57,35.26,25.23,29,3.6,11.8 χμ ΝΑ του Ηρακλείου,11.6
﻿2021/09/14 16:39:01,35.15,25.26,15,2.0,22.5 χμ ΝΝΑ του Ηρακλείου,1.1
﻿2021/09/14 14:11:09,35.15,25.23,14,2.2,21.3 χμ ΝΝΑ του Ηρακλείου,3.7
﻿2021/09/14 06:38:24,35.18,25.24,13,1.8,18.8 χμ ΝΝΑ του Ηρακλείου,3.8
﻿2021/09/12 21:07:08,35.15,25.27,18,2.1,22.9 χμ ΝΑ του Ηρακλείου,0.5
﻿2021/09/12 14:15:54,35.21,25.21,22,1.8,14.8 χμ ΝΝΑ του Ηρακλείου,7.7
﻿2021/09/12 02:10:40,35.14,25.24,8,1.8,22.4 χμ ΝΝΑ του Ηρακλείου,3.2
﻿2021/09/11 01:46:02,35.14,25.22,14,2.5,21.5 χμ ΝΝΑ του Ηρακλείου,4.9
﻿2021/09/11 00:37:06,35.18,25.26,16,1.4,20.1 χμ ΝΑ του Ηρακλείου,2.3
﻿2021/09/10 16:49:39,35.18,25.26,18,1.8,20.3 χμ ΝΑ του Ηρακλείου,2.2
﻿2021/09/09 17:15:49,35.15,25.26,8,1.6,22.1 χμ ΝΝΑ του Ηρακλείου,1.1
﻿2021/09/08 23:37:46,35.14,25.23,13,1.9,22.1 χμ ΝΝΑ του Ηρακλείου,3.9
﻿2021/09/08 20:17:22,35.22,25.24,22,1.0,15.0 χμ ΝΑ του Ηρακλείου,7.7
﻿2021/09/08 09:20:27,35.16,25.25,19,2.0,21.5 χμ ΝΝΑ του Ηρακλείου,1.9
﻿2021/09/08 03:59:24,35.17,25.27,18,1.9,21.8 χμ ΝΑ του Ηρακλείου,1.2
﻿2021/09/08 01:47:06,35.13,25.22,15,1.9,23.4 χμ ΝΝΑ του Ηρακλείου,5.4
﻿2021/09/08 00:38:53,35.17,25.24,13,1.2,20.3 χμ ΝΝΑ του Ηρακλείου,2.6
﻿2021/09/05 01:24:43,35.15,25.24,14,2.4,22.0 χμ ΝΝΑ του Ηρακλείου,3.0
﻿2021/09/04 22:41:40,35.16,25.24,14,1.7,20.8 χμ ΝΝΑ του Ηρακλείου,2.6
﻿2021/09/04 11:54:50,35.14,25.23,8,1.5,22.4 χμ ΝΝΑ του Ηρακλείου,4.2
﻿2021/09/04 09:40:52,35.15,25.26,9,2.3,22.4 χμ ΝΝΑ του Ηρακλείου,1.3
﻿2021/09/04 09:37:43,35.17,25.24,14,2.9,19.8 χμ ΝΝΑ του Ηρακλείου,3.0
﻿2021/09/04 08:12:17,35.18,25.26,19,3.2,19.7 χμ ΝΑ του Ηρακλείου,2.8
﻿2021/09/03 22:03:58,35.20,25.34,14,3.0,23.5 χμ ΝΑ του Ηρακλείου,7.6
﻿2021/09/03 21:56:07,35.15,25.23,14,1.7,20.9 χμ ΝΝΑ του Ηρακλείου,3.7
﻿2021/09/03 15:19:19,35.14,25.24,10,2.2,23.1 χμ ΝΝΑ του Ηρακλείου,3.5
﻿2021/09/03 08:00:32,35.14,25.24,16,2.2,22.9 χμ ΝΝΑ του Ηρακλείου,3.3
﻿2021/09/03 05:28:53,35.13,25.24,12,2.6,23.4 χμ ΝΝΑ του Ηρακλείου,3.7
﻿2021/09/02 22:06:15,35.14,25.24,14,2.9,22.4 χμ ΝΝΑ του Ηρακλείου,3.4
﻿2021/09/02 21:33:14,35.18,25.26,13,2.0,20.3 χμ ΝΑ του Ηρακλείου,2.1
﻿2021/09/01 17:30:09,35.16,25.25,11,2.0,21.4 χμ ΝΝΑ του Ηρακλείου,1.9
﻿2021/09/01 14:59:56,35.16,25.24,15,1.0,20.9 χμ ΝΝΑ του Ηρακλείου,2.6
﻿2021/09/01 09:57:48,35.18,25.24,12,1.0,18.8 χμ ΝΝΑ του Ηρακλείου,3.7
﻿2021/09/01 05:51:34,35.16,25.25,15,2.4,21.3 χμ ΝΝΑ του Ηρακλείου,1.6
﻿2021/09/01 02:14:14,35.14,25.25,16,2.9,23.1 χμ ΝΝΑ του Ηρακλείου,2.3
﻿2021/09/01 01:23:13,35.16,25.25,17,2.3,21.4 χμ ΝΝΑ του Ηρακλείου,1.4
﻿2021/08/31 20:39:31,35.15,25.26,15,3.2,23.1 χμ ΝΝΑ του Ηρακλείου,1.3
﻿2021/08/31 01:25:12,35.16,25.25,10,1.6,21.6 χμ ΝΝΑ του Ηρακλείου,1.6
﻿2021/08/31 00:37:09,35.17,25.24,11,2.0,19.7 χμ ΝΝΑ του Ηρακλείου,3.0
﻿2021/08/29 14:51:50,35.13,25.23,10,2.3,23.9 χμ ΝΝΑ του Ηρακλείου,4.6
﻿2021/08/29 14:11:20,35.13,25.24,10,3.2,24.1 χμ ΝΝΑ του Ηρακλείου,4.3
﻿2021/08/29 09:28:16,35.14,25.27,13,2.3,24.5 χμ ΝΝΑ του Ηρακλείου,2.3
﻿2021/08/28 19:21:53,35.14,25.24,17,3.3,22.8 χμ ΝΝΑ του Ηρακλείου,2.9
﻿2021/08/27 12:18:14,35.14,25.24,8,3.0,22.6 χμ ΝΝΑ του Ηρακλείου,3.5
﻿2021/08/27 03:27:01,35.16,25.24,14,2.3,21.3 χμ ΝΝΑ του Ηρακλείου,2.2
﻿2021/08/27 01:45:13,35.17,25.23,13,2.7,19.6 χμ ΝΝΑ του Ηρακλείου,3.5
﻿2021/08/26 22:44:39,35.14,25.25,17,1.7,22.7 χμ ΝΝΑ του Ηρακλείου,2.5
﻿2021/08/26 22:40:45,35.19,25.21,15,1.1,16.6 χμ ΝΝΑ του Ηρακλείου,6.3
﻿2021/08/26 21:54:58,35.04,25.21,16,3.3,32.7 χμ ΝΝΑ του Ηρακλείου,14.3
﻿2021/08/26 09:01:14,35.14,25.25,10,1.9,22.9 χμ ΝΝΑ του Ηρακλείου,2.5
﻿2021/08/25 21:19:56,35.14,25.24,8,1.5,22.8 χμ ΝΝΑ του Ηρακλείου,3.3
﻿2021/08/25 15:30:56,35.15,25.25,8,2.5,22.4 χμ ΝΝΑ του Ηρακλείου,2.1
﻿2021/08/25 03:27:18,35.17,25.24,14,0.9,20.0 χμ ΝΝΑ του Ηρακλείου,3.1
﻿2021/08/25 00:24:33,35.16,25.25,15,1.1,21.0 χμ ΝΝΑ του Ηρακλείου,1.8
﻿2021/08/25 00:03:33,35.15,25.24,15,1.4,21.9 χμ ΝΝΑ του Ηρακλείου,2.8
﻿2021/08/25 00:01:41,35.16,25.21,14,1.4,19.9 χμ ΝΝΑ του Ηρακλείου,5.2
﻿2021/08/24 20:36:49,35.19,25.30,14,1.2,21.5 χμ ΝΑ του Ηρακλείου,3.9
﻿2021/08/24 20:35:26,35.16,25.25,12,1.3,21.3 χμ ΝΝΑ του Ηρακλείου,1.8
﻿2021/08/24 07:14:42,35.18,25.25,26,2.4,19.9 χμ ΝΑ του Ηρακλείου,2.5
﻿2021/08/23 18:39:14,35.13,25.24,15,1.9,24.1 χμ ΝΝΑ του Ηρακλείου,4.6
﻿2021/08/23 11:48:38,35.15,25.26,13,3.1,22.5 χμ ΝΝΑ του Ηρακλείου,0.9
﻿2021/08/22 21:33:51,35.18,25.27,18,1.3,20.4 χμ ΝΑ του Ηρακλείου,2.8
﻿2021/08/21 22:57:58,35.16,25.24,17,2.0,21.3 χμ ΝΝΑ του Ηρακλείου,2.5
﻿2021/08/21 19:13:41,35.17,25.23,13,1.2,19.9 χμ ΝΝΑ του Ηρακλείου,3.4
﻿2021/08/21 14:59:53,35.17,25.26,18,2.1,21.2 χμ ΝΑ του Ηρακλείου,1.2
﻿2021/08/21 14:58:21,35.13,25.21,14,2.4,23.1 χμ ΝΝΑ του Ηρακλείου,6.5
﻿2021/08/21 13:13:09,35.15,25.23,16,1.7,21.7 χμ ΝΝΑ του Ηρακλείου,3.7
﻿2021/08/21 05:19:02,35.14,25.23,13,2.2,22.8 χμ ΝΝΑ του Ηρακλείου,4.2
﻿2021/08/21 05:04:19,35.13,25.23,16,1.5,23.1 χμ ΝΝΑ του Ηρακλείου,4.3
﻿2021/08/21 05:02:58,35.16,25.23,16,1.2,20.8 χμ ΝΝΑ του Ηρακλείου,3.3
﻿2021/08/21 04:05:23,35.14,25.23,14,3.5,22.2 χμ ΝΝΑ του Ηρακλείου,4.3
﻿2021/08/20 21:52:24,35.16,25.25,16,1.2,21.1 χμ ΝΝΑ του Ηρακλείου,2.1
﻿2021/08/20 15:53:48,35.16,25.25,13,1.7,21.5 χμ ΝΝΑ του Ηρακλείου,1.3
﻿2021/08/20 05:14:09,35.17,25.25,12,1.7,20.6 χμ ΝΝΑ του Ηρακλείου,2.1
﻿2021/08/20 05:01:03,35.20,25.25,22,2.6,17.1 χμ ΝΑ του Ηρακλείου,5.5
﻿2021/08/20 05:00:51,35.18,25.24,18,2.3,18.9 χμ ΝΝΑ του Ηρακλείου,3.6
﻿2021/08/20 03:30:48,35.16,25.25,14,3.1,21.0 χμ ΝΝΑ του Ηρακλείου,2.2
﻿2021/08/20 01:19:05,35.14,25.24,14,2.9,22.3 χμ ΝΝΑ του Ηρακλείου,3.1
﻿2021/08/20 01:11:27,35.16,25.25,16,2.1,21.1 χμ ΝΝΑ του Ηρακλείου,2.0
﻿2021/08/20 01:08:46,35.07,25.17,11,2.6,29.0 χμ Ν του Ηρακλείου,14.0
﻿2021/08/19 19:16:50,35.15,25.25,12,2.6,22.0 χμ ΝΝΑ του Ηρακλείου,2.2
﻿2021/08/19 12:11:00,35.16,25.25,11,1.6,21.4 χμ ΝΝΑ του Ηρακλείου,1.8
﻿2021/08/19 07:34:40,35.16,25.25,18,2.6,21.5 χμ ΝΝΑ του Ηρακλείου,2.2
﻿2021/08/19 05:18:57,35.14,25.24,14,2.4,22.7 χμ ΝΝΑ του Ηρακλείου,3.3
﻿2021/08/18 23:25:06,35.14,25.24,12,2.8,22.6 χμ ΝΝΑ του Ηρακλείου,3.0
﻿2021/08/18 22:23:30,35.15,25.25,13,3.2,22.2 χμ ΝΝΑ του Ηρακλείου,1.8
﻿2021/08/18 18:39:03,35.15,25.27,13,2.4,22.9 χμ ΝΑ του Ηρακλείου,0.6
﻿2021/08/18 05:46:24,35.16,25.24,15,2.7,21.3 χμ ΝΝΑ του Ηρακλείου,2.3
﻿2021/08/18 02:12:47,35.13,25.24,9,3.1,23.6 χμ ΝΝΑ του Ηρακλείου,3.9
﻿2021/08/17 12:43:14,35.14,25.24,13,2.4,22.7 χμ ΝΝΑ του Ηρακλείου,3.3
﻿2021/08/17 12:02:38,35.19,25.23,17,1.5,17.6 χμ ΝΝΑ του Ηρακλείου,4.8
﻿2021/08/16 23:33:04,35.18,25.25,19,1.1,19.9 χμ ΝΑ του Ηρακλείου,2.5
﻿2021/08/16 21:16:54,35.20,25.22,20,1.4,16.4 χμ ΝΝΑ του Ηρακλείου,6.1
﻿2021/08/16 17:32:48,35.14,25.25,11,2.7,22.6 χμ ΝΝΑ του Ηρακλείου,2.6
﻿2021/08/16 15:12:11,35.19,25.24,20,1.4,18.0 χμ ΝΝΑ του Ηρακλείου,4.5
﻿2021/08/16 14:34:35,35.15,25.24,12,1.9,22.0 χμ ΝΝΑ του Ηρακλείου,3.1
﻿2021/08/16 14:22:23,35.16,25.23,13,1.6,20.4 χμ ΝΝΑ του Ηρακλείου,3.4
﻿2021/08/16 14:15:40,35.14,25.23,15,2.3,22.5 χμ ΝΝΑ του Ηρακλείου,3.7
﻿2021/08/16 14:14:13,35.15,25.24,14,2.1,21.2 χμ ΝΝΑ του Ηρακλείου,3.0
﻿2021/08/16 14:13:02,35.16,25.26,20,2.3,21.7 χμ ΝΝΑ του Ηρακλείου,1.2
﻿2021/08/16 14:06:49,35.15,25.24,11,2.1,22.2 χμ ΝΝΑ του Ηρακλείου,2.6
﻿2021/08/16 14:05:04,35.16,25.26,21,2.4,21.6 χμ ΝΑ του Ηρακλείου,0.8
﻿2021/08/16 14:00:33,35.21,25.27,18,1.7,17.7 χμ ΝΑ του Ηρακλείου,5.8
﻿2021/08/16 13:57:02,35.16,25.24,16,2.8,20.5 χμ ΝΝΑ του Ηρακλείου,2.8
﻿2021/08/16 13:54:41,35.15,25.23,14,3.6,21.6 χμ ΝΝΑ του Ηρακλείου,3.4
﻿2021/08/16 13:27:12,35.16,25.25,13,2.6,21.6 χμ ΝΝΑ του Ηρακλείου,1.4
﻿2021/08/16 04:38:27,35.15,25.23,11,2.4,21.1 χμ ΝΝΑ του Ηρακλείου,3.6
﻿2021/08/16 01:44:09,35.13,25.23,19,1.3,23.4 χμ ΝΝΑ του Ηρακλείου,4.6
﻿2021/08/15 14:28:17,35.15,25.23,16,2.5,21.2 χμ ΝΝΑ του Ηρακλείου,3.4
﻿2021/08/15 14:08:29,35.13,25.24,14,2.6,23.2 χμ ΝΝΑ του Ηρακλείου,4.0
﻿2021/08/15 10:25:24,35.15,25.24,16,2.1,22.4 χμ ΝΝΑ του Ηρακλείου,2.7
﻿2021/08/15 09:38:39,35.16,25.24,17,1.5,20.6 χμ ΝΝΑ του Ηρακλείου,2.9
﻿2021/08/15 06:39:33,35.15,25.24,12,2.6,22.1 χμ ΝΝΑ του Ηρακλείου,2.6
﻿2021/08/15 01:53:42,35.14,25.24,12,2.6,22.5 χμ ΝΝΑ του Ηρακλείου,3.4
﻿2021/08/15 01:34:34,35.14,25.24,16,2.8,22.7 χμ ΝΝΑ του Ηρακλείου,2.8
﻿2021/08/14 23:00:50,35.15,25.24,13,1.7,21.7 χμ ΝΝΑ του Ηρακλείου,2.7
﻿2021/08/14 21:03:36,35.13,25.22,7,2.8,23.5 χμ ΝΝΑ του Ηρακλείου,5.7
﻿2021/08/14 20:56:05,35.14,25.24,11,2.9,22.6 χμ ΝΝΑ του Ηρακλείου,3.5
﻿2021/08/14 20:40:16,35.15,25.24,13,3.1,21.8 χμ ΝΝΑ του Ηρακλείου,2.5
﻿2021/08/14 11:06:58,35.18,25.25,16,1.9,19.3 χμ ΝΑ του Ηρακλείου,3.1
﻿2021/08/14 04:33:08,35.22,25.17,18,1.2,12.6 χμ ΝΝΑ του Ηρακλείου,11.3
﻿2021/08/13 23:22:47,35.16,25.25,12,2.5,21.5 χμ ΝΝΑ του Ηρακλείου,1.7
﻿2021/08/13 19:54:56,35.14,25.25,10,2.8,23.1 χμ ΝΝΑ του Ηρακλείου,2.3
﻿2021/08/13 19:53:24,35.17,25.26,15,2.5,21.1 χμ ΝΝΑ του Ηρακλείου,1.4
﻿2021/08/13 17:03:43,35.16,25.24,13,2.4,21.2 χμ ΝΝΑ του Ηρακλείου,2.3
﻿2021/08/12 21:28:01,35.22,25.23,24,1.6,14.7 χμ ΝΑ του Ηρακλείου,7.8
﻿2021/08/12 17:18:08,35.15,25.25,13,3.1,21.8 χμ ΝΝΑ του Ηρακλείου,2.0
﻿2021/08/12 15:12:42,35.22,25.22,23,1.8,14.1 χμ ΝΑ του Ηρακλείου,8.3
﻿2021/08/12 12:17:54,35.19,25.23,17,1.6,17.9 χμ ΝΝΑ του Ηρακλείου,4.7
﻿2021/08/12 07:34:10,35.15,25.24,11,3.0,22.1 χμ ΝΝΑ του Ηρακλείου,2.8
﻿2021/08/11 23:50:07,35.14,25.24,9,3.1,23.0 χμ ΝΝΑ του Ηρακλείου,3.4
﻿2021/08/11 20:58:48,35.15,25.25,14,2.4,21.7 χμ ΝΝΑ του Ηρακλείου,2.1
﻿2021/08/11 20:26:15,35.15,25.24,14,2.8,22.0 χμ ΝΝΑ του Ηρακλείου,2.8
﻿2021/08/11 19:55:34,35.15,25.24,12,2.0,21.8 χμ ΝΝΑ του Ηρακλείου,2.3
﻿2021/08/11 19:49:29,35.15,25.24,14,3.5,21.8 χμ ΝΝΑ του Ηρακλείου,2.5
﻿2021/08/11 19:41:40,35.15,25.24,15,3.1,21.5 χμ ΝΝΑ του Ηρακλείου,2.3
﻿2021/08/11 15:08:09,35.15,25.26,14,2.3,22.6 χμ ΝΝΑ του Ηρακλείου,0.8
﻿2021/08/11 01:50:47,35.15,25.23,12,2.1,22.0 χμ ΝΝΑ του Ηρακλείου,3.4
﻿2021/08/09 08:29:59,35.16,25.25,16,1.9,21.3 χμ ΝΝΑ του Ηρακλείου,1.8
﻿2021/08/09 08:25:23,35.15,25.25,14,2.0,22.3 χμ ΝΝΑ του Ηρακλείου,1.7
﻿2021/08/09 04:17:46,35.14,25.26,14,3.7,23.9 χμ ΝΝΑ του Ηρακλείου,2.8
﻿2021/08/09 03:06:08,35.13,25.26,13,3.7,24.5 χμ ΝΝΑ του Ηρακλείου,2.8
﻿2021/08/09 01:46:09,35.16,25.25,14,1.2,21.3 χμ ΝΝΑ του Ηρακλείου,1.4
﻿2021/08/08 21:26:09,35.14,25.25,14,2.9,22.9 χμ ΝΝΑ του Ηρακλείου,2.5
﻿2021/08/08 20:19:14,35.15,25.23,16,2.2,21.2 χμ ΝΝΑ του Ηρακλείου,3.2
﻿2021/08/08 20:15:52,35.15,25.25,17,2.5,22.5 χμ ΝΝΑ του Ηρακλείου,2.6
﻿2021/08/08 19:15:46,35.14,25.24,15,3.8,23.0 χμ ΝΝΑ του Ηρακλείου,3.3
﻿2021/08/08 18:21:48,35.17,25.26,17,2.2,21.1 χμ ΝΝΑ του Ηρακλείου,1.3
﻿2021/08/08 16:28:11,35.16,25.26,18,2.0,21.7 χμ ΝΝΑ του Ηρακλείου,0.9
﻿2021/08/08 15:58:14,35.15,25.24,15,2.5,21.7 χμ ΝΝΑ του Ηρακλείου,2.8
﻿2021/08/08 15:49:16,35.18,25.22,16,2.1,18.3 χμ ΝΝΑ του Ηρακλείου,4.7
﻿2021/08/08 14:49:47,35.09,25.20,13,1.3,27.0 χμ ΝΝΑ του Ηρακλείου,9.9
﻿2021/08/08 03:16:50,35.15,25.24,15,3.1,21.9 χμ ΝΝΑ του Ηρακλείου,3.3
﻿2021/08/07 23:35:26,35.16,25.24,14,1.8,20.8 χμ ΝΝΑ του Ηρακλείου,2.6
﻿2021/08/07 22:18:30,35.15,25.25,14,2.4,21.8 χμ ΝΝΑ του Ηρακλείου,1.9
﻿2021/08/07 21:46:19,35.14,25.25,9,2.9,23.4 χμ ΝΝΑ του Ηρακλείου,3.2
﻿2021/08/07 19:31:57,35.14,25.22,10,2.1,21.6 χμ ΝΝΑ του Ηρακλείου,5.0
﻿2021/08/07 18:42:52,35.14,25.22,12,2.8,22.7 χμ ΝΝΑ του Ηρακλείου,4.8
﻿2021/08/07 14:04:42,35.14,25.22,7,2.3,21.7 χμ ΝΝΑ του Ηρακλείου,5.0
﻿2021/08/07 11:13:35,35.15,25.24,10,1.9,22.1 χμ ΝΝΑ του Ηρακλείου,2.8
﻿2021/08/07 10:13:10,35.15,25.24,13,1.3,22.1 χμ ΝΝΑ του Ηρακλείου,2.7
﻿2021/08/07 05:14:58,35.13,25.22,7,3.6,23.6 χμ ΝΝΑ του Ηρακλείου,5.3
﻿2021/08/06 17:58:03,35.10,25.22,10,3.0,25.9 χμ ΝΝΑ του Ηρακλείου,7.6
﻿2021/08/06 09:34:21,35.14,25.24,15,3.2,22.2 χμ ΝΝΑ του Ηρακλείου,3.3
﻿2021/08/06 04:20:04,35.14,25.23,16,2.5,23.1 χμ ΝΝΑ του Ηρακλείου,4.2
﻿2021/08/06 02:11:50,35.18,25.26,16,0.9,20.2 χμ ΝΑ του Ηρακλείου,2.2
﻿2021/08/06 00:59:30,35.17,25.20,17,0.8,18.7 χμ ΝΝΑ του Ηρακλείου,6.0
﻿2021/08/06 00:11:02,35.15,25.24,13,1.8,22.0 χμ ΝΝΑ του Ηρακλείου,3.1
﻿2021/08/05 23:58:17,35.14,25.25,8,2.4,23.6 χμ ΝΝΑ του Ηρακλείου,3.0
﻿2021/08/05 22:14:30,35.14,25.24,10,2.5,22.4 χμ ΝΝΑ του Ηρακλείου,3.0
﻿2021/08/04 22:14:17,35.17,25.20,16,2.1,18.7 χμ ΝΝΑ του Ηρακλείου,5.9
﻿2021/08/04 15:08:34,35.15,25.24,14,2.7,21.9 χμ ΝΝΑ του Ηρακλείου,2.4
﻿2021/08/04 09:48:59,35.13,25.26,9,2.5,24.7 χμ ΝΝΑ του Ηρακλείου,3.1
﻿2021/08/04 02:39:03,35.16,25.21,13,1.9,19.7 χμ ΝΝΑ του Ηρακλείου,5.7
﻿2021/08/04 01:02:23,35.17,25.27,16,1.5,21.1 χμ ΝΑ του Ηρακλείου,1.9
﻿2021/08/03 02:00:59,35.15,25.24,12,1.8,22.3 χμ ΝΝΑ του Ηρακλείου,2.5
﻿2021/08/03 01:56:43,35.18,25.28,22,1.7,21.6 χμ ΝΑ του Ηρακλείου,2.3
﻿2021/08/03 00:51:30,35.14,25.24,15,3.1,22.7 χμ ΝΝΑ του Ηρακλείου,3.3
﻿2021/08/02 17:56:34,35.16,25.25,15,2.6,21.8 χμ ΝΝΑ του Ηρακλείου,1.4
﻿2021/08/02 17:24:10,35.17,25.25,16,2.7,20.7 χμ ΝΝΑ του Ηρακλείου,2.0
﻿2021/08/02 17:05:18,35.18,25.23,17,1.6,18.6 χμ ΝΝΑ του Ηρακλείου,4.2
﻿2021/08/02 15:17:53,35.16,25.24,13,1.6,20.9 χμ ΝΝΑ του Ηρακλείου,3.0
﻿2021/08/02 08:05:35,35.13,25.24,7,2.5,23.4 χμ ΝΝΑ του Ηρακλείου,3.7
﻿2021/08/02 07:53:24,35.13,25.24,11,3.0,23.9 χμ ΝΝΑ του Ηρακλείου,4.6
﻿2021/08/02 01:01:27,35.16,25.25,16,0.9,21.7 χμ ΝΝΑ του Ηρακλείου,1.8
﻿2021/08/02 00:02:16,35.16,25.24,13,2.5,21.0 χμ ΝΝΑ του Ηρακλείου,2.6
﻿2021/08/01 22:40:54,35.17,25.23,13,1.9,19.3 χμ ΝΝΑ του Ηρακλείου,3.9
﻿2021/08/01 20:21:07,35.13,25.23,12,2.5,23.7 χμ ΝΝΑ του Ηρακλείου,4.4
﻿2021/08/01 18:08:14,35.14,25.23,13,2.1,22.2 χμ ΝΝΑ του Ηρακλείου,4.3
﻿2021/08/01 03:33:21,35.15,25.23,13,2.6,20.9 χμ ΝΝΑ του Ηρακλείου,3.8
﻿2021/08/01 00:50:36,35.16,25.24,12,0.9,20.7 χμ ΝΝΑ του Ηρακλείου,2.6
﻿2021/08/01 00:16:02,35.14,25.24,11,2.1,22.9 χμ ΝΝΑ του Ηρακλείου,3.8
﻿2021/07/31 21:44:47,35.12,25.23,13,1.3,24.2 χμ ΝΝΑ του Ηρακλείου,5.6
﻿2021/07/31 02:19:19,35.17,25.24,14,2.3,20.3 χμ ΝΝΑ του Ηρακλείου,2.7
﻿2021/07/30 23:10:10,35.13,25.23,11,1.6,23.4 χμ ΝΝΑ του Ηρακλείου,5.1
﻿2021/07/30 05:50:03,35.14,25.23,13,2.5,22.7 χμ ΝΝΑ του Ηρακλείου,3.8
﻿2021/07/29 03:33:07,35.15,25.24,13,2.6,21.2 χμ ΝΝΑ του Ηρακλείου,3.0
﻿2021/07/28 18:37:39,35.15,25.24,10,2.2,22.2 χμ ΝΝΑ του Ηρακλείου,2.9
﻿2021/07/27 22:38:39,35.17,25.25,12,1.3,20.3 χμ ΝΝΑ του Ηρακλείου,2.2
﻿2021/07/27 21:26:08,35.15,25.24,16,1.6,21.7 χμ ΝΝΑ του Ηρακλείου,2.3
﻿2021/07/27 07:54:58,35.17,25.25,11,3.0,20.0 χμ ΝΝΑ του Ηρακλείου,2.6
﻿2021/07/27 01:31:30,35.18,25.25,16,1.0,19.1 χμ ΝΝΑ του Ηρακλείου,3.4
﻿2021/07/27 01:18:47,35.14,25.23,11,1.6,22.5 χμ ΝΝΑ του Ηρακλείου,3.8
﻿2021/07/26 23:21:15,35.16,25.24,9,1.2,20.6 χμ ΝΝΑ του Ηρακλείου,3.0
﻿2021/07/26 19:52:24,35.15,25.25,13,2.6,22.1 χμ ΝΝΑ του Ηρακλείου,1.8
﻿2021/07/26 19:46:23,35.21,25.24,21,2.0,15.8 χμ ΝΑ του Ηρακλείου,6.8
﻿2021/07/26 18:16:19,35.16,25.25,14,3.0,21.4 χμ ΝΝΑ του Ηρακλείου,1.7
﻿2021/07/26 10:17:04,35.15,25.26,5,2.3,23.1 χμ ΝΝΑ του Ηρακλείου,1.6
﻿2021/07/26 07:15:49,35.15,25.24,16,2.7,21.9 χμ ΝΝΑ του Ηρακλείου,3.2
﻿2021/07/25 23:27:52,35.15,25.24,16,2.3,21.8 χμ ΝΝΑ του Ηρακλείου,2.8
﻿2021/07/25 23:06:52,35.17,25.24,15,2.3,20.2 χμ ΝΝΑ του Ηρακλείου,2.9
﻿2021/07/25 23:04:52,35.15,25.23,15,2.2,21.6 χμ ΝΝΑ του Ηρακλείου,3.4
﻿2021/07/25 19:33:53,35.16,25.26,14,3.0,22.2 χμ ΝΝΑ του Ηρακλείου,0.9
﻿2021/07/25 05:49:39,35.15,25.24,10,1.7,22.0 χμ ΝΝΑ του Ηρακλείου,2.5
﻿2021/07/25 05:47:23,35.14,25.25,10,2.4,22.8 χμ ΝΝΑ του Ηρακλείου,2.5
﻿2021/07/25 05:26:52,35.17,25.26,9,2.1,21.0 χμ ΝΑ του Ηρακλείου,1.4
﻿2021/07/25 04:43:47,35.16,25.24,15,2.4,20.2 χμ ΝΝΑ του Ηρακλείου,3.1
﻿2021/07/25 03:59:52,35.17,25.26,12,3.2,20.2 χμ ΝΑ του Ηρακλείου,2.2
﻿2021/07/25 00:17:57,35.14,25.26,8,2.6,23.4 χμ ΝΝΑ του Ηρακλείου,2.1
﻿2021/07/24 22:12:31,35.17,25.24,16,2.8,20.2 χμ ΝΝΑ του Ηρακλείου,2.8
﻿2021/07/24 21:56:54,35.16,25.22,11,3.7,19.8 χμ ΝΝΑ του Ηρακλείου,4.4
﻿2021/07/24 21:48:44,35.15,25.24,12,2.4,21.9 χμ ΝΝΑ του Ηρακλείου,2.6
﻿2021/07/24 21:18:37,35.15,25.24,13,3.1,21.8 χμ ΝΝΑ του Ηρακλείου,2.6
﻿2021/07/24 19:46:23,35.15,25.23,13,2.9,21.9 χμ ΝΝΑ του Ηρακλείου,3.5
﻿2021/07/24 16:23:13,35.17,25.24,6,3.4,20.3 χμ ΝΝΑ του Ηρακλείου,2.8
﻿2021/07/24 14:25:03,35.14,25.24,8,2.6,22.4 χμ ΝΝΑ του Ηρακλείου,3.0
﻿2021/07/24 12:37:23,35.13,25.21,8,2.3,22.6 χμ ΝΝΑ του Ηρακλείου,6.4
﻿2021/07/24 10:48:12,35.14,25.24,9,2.6,22.6 χμ ΝΝΑ του Ηρακλείου,2.8
﻿2021/07/24 06:36:12,35.16,25.26,11,2.8,22.0 χμ ΝΝΑ του Ηρακλείου,0.9
﻿2021/07/24 05:09:05,35.15,25.24,13,3.1,22.3 χμ ΝΝΑ του Ηρακλείου,2.7
﻿2021/07/24 04:23:20,35.15,25.26,7,2.4,22.2 χμ ΝΝΑ του Ηρακλείου,1.4
﻿2021/07/24 04:16:18,35.15,25.25,10,3.0,22.1 χμ ΝΝΑ του Ηρακλείου,2.2
﻿2021/07/24 03:04:47,35.13,25.22,8,3.0,22.6 χμ ΝΝΑ του Ηρακλείου,5.4
﻿2021/07/24 02:48:18,35.14,25.24,13,2.4,22.7 χμ ΝΝΑ του Ηρακλείου,3.7
﻿2021/07/24 02:32:52,35.15,25.24,8,3.5,21.8 χμ ΝΝΑ του Ηρακλείου,2.5
﻿2021/07/24 02:07:37,35.14,25.23,13,4.8,22.3 χμ ΝΝΑ του Ηρακλείου,4.1
﻿2021/07/23 08:16:47,35.13,25.24,12,2.5,23.7 χμ ΝΝΑ του Ηρακλείου,4.1
﻿2021/07/22 17:10:22,35.15,25.26,14,3.3,23.1 χμ ΝΝΑ του Ηρακλείου,1.5
﻿2021/07/22 15:47:32,35.15,25.24,14,3.3,21.6 χμ ΝΝΑ του Ηρακλείου,2.3
﻿2021/07/22 06:50:54,35.14,25.27,14,1.8,24.0 χμ ΝΝΑ του Ηρακλείου,2.0
﻿2021/07/21 08:08:39,35.14,25.25,10,2.3,23.9 χμ ΝΝΑ του Ηρακλείου,2.9
﻿2021/07/21 00:47:41,35.16,25.24,15,1.4,20.5 χμ ΝΝΑ του Ηρακλείου,2.6
﻿2021/07/20 22:01:51,35.17,25.26,14,1.6,21.0 χμ ΝΑ του Ηρακλείου,1.4
﻿2021/07/20 19:32:59,35.14,25.25,16,2.5,23.0 χμ ΝΝΑ του Ηρακλείου,2.1
﻿2021/07/20 17:44:15,35.17,25.23,13,4.1,19.6 χμ ΝΝΑ του Ηρακλείου,3.5
﻿2021/07/19 18:23:33,35.14,25.25,13,3.1,22.8 χμ ΝΝΑ του Ηρακλείου,2.7
﻿2021/07/19 09:12:26,35.16,25.24,13,3.0,21.2 χμ ΝΝΑ του Ηρακλείου,2.4
﻿2021/07/19 05:58:07,35.13,25.25,12,2.7,24.2 χμ ΝΝΑ του Ηρακλείου,3.7
﻿2021/07/18 22:23:12,35.17,25.23,14,1.5,19.7 χμ ΝΝΑ του Ηρακλείου,3.4
﻿2021/07/18 22:21:38,35.17,25.25,18,1.2,20.2 χμ ΝΝΑ του Ηρακλείου,2.3
﻿2021/07/18 22:12:38,35.16,25.24,18,2.7,21.4 χμ ΝΝΑ του Ηρακλείου,2.5
﻿2021/07/18 21:51:11,35.16,25.24,16,2.1,20.5 χμ ΝΝΑ του Ηρακλείου,2.8
﻿2021/07/18 18:36:43,35.16,25.25,12,3.1,21.6 χμ ΝΝΑ του Ηρακλείου,1.8
﻿2021/07/18 14:38:54,35.18,25.23,16,1.3,18.7 χμ ΝΝΑ του Ηρακλείου,4.3
﻿2021/07/18 14:36:53,35.17,25.24,12,1.1,20.3 χμ ΝΝΑ του Ηρακλείου,2.8
﻿2021/07/18 14:19:20,35.15,25.25,13,2.5,22.5 χμ ΝΝΑ του Ηρακλείου,2.2
﻿2021/07/18 12:54:40,35.15,25.24,17,2.1,22.0 χμ ΝΝΑ του Ηρακλείου,3.1
﻿2021/07/18 06:27:17,35.16,25.23,13,3.1,20.8 χμ ΝΝΑ του Ηρακλείου,3.6
﻿2021/07/18 05:40:06,35.14,25.23,13,2.9,22.4 χμ ΝΝΑ του Ηρακλείου,3.8
﻿2021/07/18 04:56:53,35.16,25.23,17,4.0,20.0 χμ ΝΝΑ του Ηρακλείου,3.5
﻿2021/07/18 04:20:59,35.14,25.23,17,2.9,22.0 χμ ΝΝΑ του Ηρακλείου,4.1
﻿2021/07/16 21:25:06,35.17,25.24,16,2.2,19.9 χμ ΝΝΑ του Ηρακλείου,2.8
﻿2021/07/16 21:21:22,35.17,25.24,16,1.3,19.5 χμ ΝΝΑ του Ηρακλείου,3.3
﻿2021/07/16 21:01:52,35.15,25.25,11,1.9,22.1 χμ ΝΝΑ του Ηρακλείου,2.0
﻿2021/07/16 20:59:14,35.16,25.25,13,1.4,20.8 χμ ΝΝΑ του Ηρακλείου,2.1
﻿2021/07/16 20:56:03,35.18,25.24,18,2.4,19.1 χμ ΝΝΑ του Ηρακλείου,3.5
﻿2021/07/16 20:54:11,35.17,25.23,10,3.1,19.1 χμ ΝΝΑ του Ηρακλείου,3.8
﻿2021/07/16 16:58:40,35.14,25.24,16,2.4,22.9 χμ ΝΝΑ του Ηρακλείου,3.5
﻿2021/07/16 09:34:02,35.14,25.24,10,2.2,23.2 χμ ΝΝΑ του Ηρακλείου,3.3
﻿2021/07/14 02:45:40,35.15,25.25,16,2.2,21.7 χμ ΝΝΑ του Ηρακλείου,1.9
﻿2021/07/13 23:27:21,35.13,25.26,13,2.1,24.1 χμ ΝΝΑ του Ηρακλείου,3.0
﻿2021/07/13 22:43:58,35.13,25.24,13,3.1,23.3 χμ ΝΝΑ του Ηρακλείου,3.9
﻿2021/07/13 22:22:57,35.16,25.23,16,2.8,20.7 χμ ΝΝΑ του Ηρακλείου,3.4
﻿2021/07/13 06:40:18,35.15,25.21,11,3.2,21.1 χμ ΝΝΑ του Ηρακλείου,5.6
﻿2021/07/13 06:38:02,35.16,25.23,18,2.1,20.1 χμ ΝΝΑ του Ηρακλείου,3.5
﻿2021/07/13 03:35:15,35.16,25.24,15,3.7,21.2 χμ ΝΝΑ του Ηρακλείου,2.9
﻿2021/07/13 02:48:48,35.16,25.24,14,2.7,20.9 χμ ΝΝΑ του Ηρακλείου,2.3
﻿2021/07/13 02:35:07,35.15,25.24,16,3.0,21.3 χμ ΝΝΑ του Ηρακλείου,3.1
﻿2021/07/12 16:32:05,35.17,25.24,16,2.2,20.4 χμ ΝΝΑ του Ηρακλείου,2.5
﻿2021/07/12 16:27:50,35.14,25.24,14,2.8,22.6 χμ ΝΝΑ του Ηρακλείου,3.5
﻿2021/07/12 00:17:51,35.12,25.24,8,2.2,25.0 χμ ΝΝΑ του Ηρακλείου,4.8
﻿2021/07/11 08:39:12,35.18,25.24,13,3.0,19.2 χμ ΝΝΑ του Ηρακλείου,3.4
﻿2021/07/11 05:45:19,35.15,25.24,15,2.4,21.5 χμ ΝΝΑ του Ηρακλείου,2.4
﻿2021/07/10 14:49:53,35.16,25.22,16,2.1,20.0 χμ ΝΝΑ του Ηρακλείου,4.2
﻿2021/07/10 14:42:26,35.14,25.25,9,3.0,23.4 χμ ΝΝΑ του Ηρακλείου,3.1
﻿2021/07/10 03:35:42,35.14,25.24,7,2.2,23.0 χμ ΝΝΑ του Ηρακλείου,3.3
﻿2021/07/10 01:53:23,35.14,25.24,10,3.4,23.1 χμ ΝΝΑ του Ηρακλείου,3.0
﻿2021/07/10 01:36:48,35.15,25.23,16,2.2,21.8 χμ ΝΝΑ του Ηρακλείου,3.3
﻿2021/07/10 01:07:07,35.16,25.24,15,1.1,20.5 χμ ΝΝΑ του Ηρακλείου,2.5
﻿2021/07/09 02:44:24,35.18,25.24,16,2.1,19.1 χμ ΝΝΑ του Ηρακλείου,3.6
﻿2021/07/08 21:39:13,35.15,25.24,15,2.2,21.3 χμ ΝΝΑ του Ηρακλείου,3.1
﻿2021/07/08 17:40:24,35.14,25.23,11,2.3,22.9 χμ ΝΝΑ του Ηρακλείου,3.9
﻿2021/07/08 16:46:50,35.21,25.22,29,2.4,15.2 χμ ΝΝΑ του Ηρακλείου,7.2
﻿2021/07/08 09:58:08,35.19,25.25,18,2.5,18.9 χμ ΝΑ του Ηρακλείου,3.5
﻿2021/07/08 00:59:26,35.15,25.27,10,2.4,23.1 χμ ΝΝΑ του Ηρακλείου,1.0
﻿2021/07/07 21:40:10,35.18,25.24,16,1.3,18.9 χμ ΝΝΑ του Ηρακλείου,3.6
﻿2021/07/07 02:54:50,35.15,25.28,16,2.0,23.7 χμ ΝΑ του Ηρακλείου,1.4
﻿2021/07/07 02:53:14,35.19,25.23,18,1.8,17.1 χμ ΝΝΑ του Ηρακλείου,5.4
﻿2021/07/07 02:52:08,35.16,25.24,18,2.1,21.2 χμ ΝΝΑ του Ηρακλείου,2.5
﻿2021/07/06 23:02:17,35.15,25.25,16,1.9,22.1 χμ ΝΝΑ του Ηρακλείου,1.7
﻿2021/07/06 22:07:28,35.15,25.25,10,2.2,22.6 χμ ΝΝΑ του Ηρακλείου,2.0
﻿2021/07/06 20:08:38,35.21,25.22,23,1.3,15.4 χμ ΝΝΑ του Ηρακλείου,7.0
﻿2021/07/06 16:42:17,35.17,25.24,18,2.0,20.1 χμ ΝΝΑ του Ηρακλείου,2.8
﻿2021/07/06 08:15:05,35.16,25.24,9,2.8,20.6 χμ ΝΝΑ του Ηρακλείου,2.7
﻿2021/07/06 06:27:56,35.14,25.24,12,2.0,22.5 χμ ΝΝΑ του Ηρακλείου,3.2
﻿2021/07/05 22:19:55,35.16,25.25,19,2.6,21.0 χμ ΝΝΑ του Ηρακλείου,1.7
﻿2021/07/05 22:19:33,35.18,25.23,17,1.2,18.9 χμ ΝΝΑ του Ηρακλείου,3.8
﻿2021/07/05 20:40:29,35.15,25.25,15,4.2,21.7 χμ ΝΝΑ του Ηρακλείου,1.9
﻿2021/07/05 10:07:50,35.15,25.27,10,2.3,22.8 χμ ΝΝΑ του Ηρακλείου,0.7
﻿2021/07/05 07:27:25,35.17,25.24,18,2.2,20.2 χμ ΝΝΑ του Ηρακλείου,2.7
﻿2021/07/05 02:34:35,35.14,25.24,16,2.4,22.5 χμ ΝΝΑ του Ηρακλείου,3.0
﻿2021/07/04 13:14:57,35.28,25.22,28,1.4,9.6 χμ ΑΝΑ του Ηρακλείου,14.4
﻿2021/07/04 09:50:09,35.16,25.25,14,2.4,21.7 χμ ΝΝΑ του Ηρακλείου,1.7
﻿2021/07/03 00:12:32,35.14,25.24,7,1.7,22.7 χμ ΝΝΑ του Ηρακλείου,3.3
﻿2021/07/02 21:14:05,35.22,25.23,24,1.3,14.8 χμ ΝΑ του Ηρακλείου,7.6
﻿2021/07/02 20:30:07,35.13,25.23,9,3.5,23.4 χμ ΝΝΑ του Ηρακλείου,4.6
﻿2021/07/02 19:46:08,35.18,25.24,13,4.1,19.1 χμ ΝΝΑ του Ηρακλείου,3.4
﻿2021/07/02 07:50:02,35.15,25.25,11,2.0,22.3 χμ ΝΝΑ του Ηρακλείου,2.0
﻿2021/07/02 04:23:02,35.15,25.25,14,2.7,21.8 χμ ΝΝΑ του Ηρακλείου,2.0
﻿2021/07/01 21:12:21,35.15,25.24,12,1.8,21.6 χμ ΝΝΑ του Ηρακλείου,2.4
﻿2021/07/01 20:57:47,35.22,25.22,23,1.6,14.1 χμ ΝΑ του Ηρακλείου,8.3
﻿2021/07/01 20:04:13,35.23,25.18,18,0.5,11.7 χμ ΝΝΑ του Ηρακλείου,11.3
﻿2021/07/01 02:41:46,35.16,25.26,13,2.3,21.9 χμ ΝΝΑ του Ηρακλείου,0.6
﻿2021/06/30 01:49:43,35.20,25.23,19,1.3,16.9 χμ ΝΝΑ του Ηρακλείου,5.6
﻿2021/06/27 23:12:28,35.23,25.20,21,1.6,12.5 χμ ΝΝΑ του Ηρακλείου,10.0
﻿2021/06/27 20:45:46,35.17,25.21,18,1.9,18.4 χμ ΝΝΑ του Ηρακλείου,5.4
﻿2021/06/26 03:13:56,35.16,25.24,13,2.1,21.0 χμ ΝΝΑ του Ηρακλείου,2.2
﻿2021/06/25 22:33:05,35.13,25.24,8,1.9,23.9 χμ ΝΝΑ του Ηρακλείου,3.9
﻿2021/06/24 23:39:53,35.16,25.23,14,1.8,20.5 χμ ΝΝΑ του Ηρακλείου,3.7
﻿2021/06/24 02:59:07,35.23,25.21,18,0.8,12.7 χμ ΝΑ του Ηρακλείου,9.7
﻿2021/06/23 20:22:49,35.13,25.26,12,2.7,24.4 χμ ΝΝΑ του Ηρακλείου,3.1
﻿2021/06/23 20:14:19,35.14,25.28,7,2.0,25.0 χμ ΝΝΑ του Ηρακλείου,2.7
﻿2021/06/21 11:59:02,35.19,25.24,18,1.9,17.8 χμ ΝΝΑ του Ηρακλείου,4.6
﻿2021/06/21 03:02:40,35.18,25.24,18,2.2,19.2 χμ ΝΝΑ του Ηρακλείου,3.3
﻿2021/06/17 23:28:30,35.16,25.24,13,1.0,20.9 χμ ΝΝΑ του Ηρακλείου,2.2
﻿2021/06/17 22:16:58,35.15,25.26,8,0.7,22.8 χμ ΝΝΑ του Ηρακλείου,1.7
﻿2021/06/17 17:54:41,35.14,25.26,12,2.2,23.8 χμ ΝΝΑ του Ηρακλείου,2.7
﻿2021/06/17 09:10:34,35.15,25.26,6,2.2,22.9 χμ ΝΝΑ του Ηρακλείου,1.7
﻿2021/06/17 01:13:17,35.17,25.26,16,1.8,21.0 χμ ΝΝΑ του Ηρακλείου,1.5
﻿2021/06/16 11:20:29,35.18,25.27,15,2.1,20.7 χμ ΝΑ του Ηρακλείου,1.9
﻿2021/06/16 03:57:04,35.25,25.22,22,1.2,11.9 χμ ΝΑ του Ηρακλείου,10.8
﻿2021/06/15 12:22:19,35.15,25.25,14,3.5,21.8 χμ ΝΝΑ του Ηρακλείου,2.0
﻿2021/06/14 03:30:01,35.19,25.26,18,1.7,19.1 χμ ΝΑ του Ηρακλείου,3.7
﻿2021/06/13 01:29:57,35.17,25.27,18,1.7,21.0 χμ ΝΑ του Ηρακλείου,1.6
﻿2021/06/12 22:47:44,35.16,25.26,15,3.5,22.2 χμ ΝΝΑ του Ηρακλείου,0.8
﻿2021/06/12 07:04:18,35.15,25.26,13,1.9,22.6 χμ ΝΝΑ του Ηρακλείου,0.8
﻿2021/06/11 01:31:00,35.21,25.23,18,1.7,15.5 χμ ΝΑ του Ηρακλείου,6.9
﻿2021/06/10 01:52:38,35.14,25.27,11,2.2,24.1 χμ ΝΝΑ του Ηρακλείου,1.9
﻿2021/06/09 21:28:25,35.17,25.27,13,1.8,21.8 χμ ΝΑ του Ηρακλείου,1.3
﻿2021/06/09 06:40:19,35.14,25.27,11,2.2,23.9 χμ ΝΝΑ του Ηρακλείου,1.9
﻿2021/06/09 06:00:20,35.13,25.27,9,2.3,24.8 χμ ΝΝΑ του Ηρακλείου,2.8
﻿2021/06/09 02:36:28,35.18,25.27,15,3.9,20.5 χμ ΝΑ του Ηρακλείου,2.7
﻿2021/06/08 21:25:00,35.14,25.26,16,2.5,23.5 χμ ΝΝΑ του Ηρακλείου,1.7
﻿2021/06/08 20:34:23,35.19,25.27,17,1.7,19.7 χμ ΝΑ του Ηρακλείου,3.1
﻿2021/06/08 19:49:12,35.18,25.24,15,0.9,19.2 χμ ΝΝΑ του Ηρακλείου,3.3
﻿2021/06/08 19:48:34,35.21,25.26,19,1.2,17.5 χμ ΝΑ του Ηρακλείου,5.5
﻿2021/06/08 19:48:08,35.16,25.25,12,1.6,21.2 χμ ΝΝΑ του Ηρακλείου,1.5
﻿2021/06/08 19:32:33,35.16,25.23,18,0.6,19.8 χμ ΝΝΑ του Ηρακλείου,4.0
﻿2021/06/08 19:16:13,35.17,25.27,17,1.4,21.5 χμ ΝΑ του Ηρακλείου,1.2
﻿2021/06/08 18:17:28,35.18,25.26,20,2.0,20.4 χμ ΝΑ του Ηρακλείου,2.2
﻿2021/06/08 18:15:49,35.14,25.25,7,2.1,23.3 χμ ΝΝΑ του Ηρακλείου,2.8
﻿2021/06/08 17:54:38,35.18,25.28,15,2.7,21.2 χμ ΝΑ του Ηρακλείου,2.8
﻿2021/06/08 16:40:32,35.14,25.26,10,2.3,24.1 χμ ΝΝΑ του Ηρακλείου,2.5
﻿2021/06/08 16:38:16,35.14,25.27,14,3.2,24.2 χμ ΝΝΑ του Ηρακλείου,2.3
﻿2021/06/08 16:35:16,35.15,25.26,15,3.2,22.9 χμ ΝΝΑ του Ηρακλείου,1.0
﻿2021/06/08 16:29:51,35.15,25.25,13,2.5,22.5 χμ ΝΝΑ του Ηρακλείου,1.6
﻿2021/06/08 16:14:59,35.15,25.27,15,2.8,22.9 χμ ΝΝΑ του Ηρακλείου,0.9
﻿2021/06/07 18:29:13,35.20,25.26,18,1.4,18.1 χμ ΝΑ του Ηρακλείου,4.6
﻿2021/06/07 15:16:34,35.16,25.29,13,2.3,23.3 χμ ΝΑ του Ηρακλείου,2.2
﻿2021/06/06 13:16:39,35.13,25.25,9,2.3,24.3 χμ ΝΝΑ του Ηρακλείου,3.2
﻿2021/06/06 12:52:12,35.16,25.26,12,2.1,22.0 χμ ΝΝΑ του Ηρακλείου,0.9
﻿2021/06/06 10:29:52,35.17,25.27,18,2.3,21.0 χμ ΝΑ του Ηρακλείου,1.5
﻿2021/06/06 08:27:50,35.17,25.28,13,1.9,22.1 χμ ΝΑ του Ηρακλείου,1.1
﻿2021/06/06 07:01:28,35.16,25.26,13,1.8,21.8 χμ ΝΝΑ του Ηρακλείου,1.2
﻿2021/06/06 00:14:16,35.15,25.27,6,1.1,23.3 χμ ΝΝΑ του Ηρακλείου,1.2
﻿2021/06/05 23:49:00,35.16,25.26,11,1.9,21.7 χμ ΝΑ του Ηρακλείου,0.7
﻿2021/06/04 23:26:27,35.21,25.26,19,1.5,17.4 χμ ΝΑ του Ηρακλείου,5.5
﻿2021/06/04 18:09:11,35.15,25.24,11,2.3,21.3 χμ ΝΝΑ του Ηρακλείου,3.1
﻿2021/06/04 04:04:41,35.17,25.25,16,2.2,20.5 χμ ΝΝΑ του Ηρακλείου,1.9
﻿2021/06/04 02:28:04,35.17,25.24,14,1.9,19.7 χμ ΝΝΑ του Ηρακλείου,3.3
﻿2021/06/04 02:15:20,35.16,25.26,14,2.1,22.1 χμ ΝΝΑ του Ηρακλείου,0.8
﻿2021/06/04 01:58:45,35.16,25.26,14,2.7,22.2 χμ ΝΝΑ του Ηρακλείου,0.9
﻿2021/06/04 01:05:26,35.16,25.25,15,4.2,21.5 χμ ΝΝΑ του Ηρακλείου,1.6
﻿2021/06/04 00:18:13,35.17,25.27,12,1.2,21.2 χμ ΝΑ του Ηρακλείου,1.5
﻿2021/06/03 23:48:56,35.18,25.24,14,1.8,19.4 χμ ΝΝΑ του Ηρακλείου,3.0
﻿2021/06/03 23:40:24,35.14,25.25,12,2.4,22.9 χμ ΝΝΑ του Ηρακλείου,2.5
﻿2021/06/03 23:30:16,35.14,25.25,11,2.3,23.7 χμ ΝΝΑ του Ηρακλείου,3.1
﻿2021/06/03 20:59:51,35.18,25.26,17,1.8,20.1 χμ ΝΑ του Ηρακλείου,2.3
﻿2021/06/03 14:05:28,35.14,25.25,12,2.5,22.9 χμ ΝΝΑ του Ηρακλείου,2.4
﻿2021/06/02 22:54:55,35.15,25.26,18,1.6,22.3 χμ ΝΝΑ του Ηρακλείου,1.4
﻿2021/06/01 21:14:18,35.15,25.26,12,1.6,22.6 χμ ΝΝΑ του Ηρακλείου,1.0
﻿2021/05/26 03:35:24,34.98,25.41,45,1.6,45.9 χμ ΝΝΑ του Ηρακλείου,23.5
﻿2021/05/24 17:14:59,35.08,25.19,17,1.1,27.3 χμ ΝΝΑ του Ηρακλείου,10.8
﻿2021/05/02 08:54:43,35.15,25.25,11,2.2,22.6 χμ ΝΝΑ του Ηρακλείου,2.2
﻿2021/04/22 06:26:54,35.03,25.18,14,2.7,32.6 χμ Ν του Ηρακλείου,16.1
﻿2021/04/18 17:30:39,34.94,25.35,22,1.4,46.9 χμ ΝΝΑ του Ηρακλείου,25.0
﻿2021/04/07 06:29:16,35.03,25.18,19,2.6,33.0 χμ Ν του Ηρακλείου,16.3
﻿2021/03/07 00:32:08,35.09,25.30,12,2.2,30.0 χμ ΝΝΑ του Ηρακλείου,7.7
﻿2021/03/06 04:18:07,35.05,25.12,14,2.2,30.9 χμ Ν του Ηρακλείου,18.4
﻿2021/03/06 04:16:35,35.06,25.08,18,2.3,29.5 χμ Ν του Ηρακλείου,20.2
﻿2021/03/06 04:15:04,35.07,25.06,17,1.9,29.3 χμ ΝΝΔ του Ηρακλείου,21.3
﻿2021/02/11 05:32:08,35.13,25.26,8,2.0,24.5 χμ ΝΝΑ του Ηρακλείου,2.9
﻿2021/02/07 00:29:50,35.20,25.31,41,1.6,21.7 χμ ΝΑ του Ηρακλείου,5.8
﻿2021/02/04 22:29:45,35.15,25.26,17,1.7,23.2 χμ ΝΝΑ του Ηρακλείου,1.6
﻿2021/02/02 09:56:49,35.09,25.25,12,2.7,28.6 χμ ΝΝΑ του Ηρακλείου,8.2
﻿2021/01/31 21:21:05,34.97,25.15,19,1.4,39.2 χμ Ν του Ηρακλείου,23.2
﻿2021/01/16 07:39:38,35.25,25.32,16,2.1,18.9 χμ ΑΝΑ του Ηρακλείου,11.2
﻿2021/01/13 21:28:49,34.98,25.26,18,2.1,39.7 χμ ΝΝΑ του Ηρακλείου,19.4
